Solution Key,PAF Error,Resolution Steps,Resolution Strategy,Need to be monitored,Source Line Number,Remote IP Address,Program/Method/Function Module,Package,Name of Method or Function Module,Name of Class or Program,Message Area,Message number,Expiry Date,Error Subcategory,Error Short Text,Application component ID,Application Area,ABAP Name of Consumer or Server Proxy,Error Log Information,Sender party,Sender interface operation,Sender interface namespace,Sender interface name,Receiver interface operation,Receiver interface namespace,Receiver interface name
SCM_FALCON001_2022,An error occurred during save process // Purchase order item has been canceled,"TPOP PO line item is already cancelled but Inter-company OD related to SO is released and triggered the message to create IDN, * for PO, as OD have no updates about the cancellation of PO, the message is failing because of this inconsistency.As we can see TPOP Sales Order is in Completed State and TPOP PO is already cancelled. Hence this whole scenario should be reversed and Cancelled.1. Cancel the message2. Undo-release the OD and cancel the OD 3. Ask the customer to cancel the full scenario ",Manual Action by Dev,No, 150, nan, P,AP_DP_DELDESADVNOTIF_PRX,CL_SPAF_INB_PROXY_ADAPTER=====CM004,CL_SPAF_INB_PROXY_ADAPTER=====CP,AP_PAF_HELPER_TOOLS,000,2023-03-05,nan,An error occurred during save process,AP-ODP,AP_PAF_HELPER_TOOLS,I_APDL_IDE_PROC_DEL_NOTI_IN,nan,OutboundDeliveryProcessing,NotifyOfOutboundDelivery,http://sap.com/xi/AP/LogisticsExecution/Global,OutboundDeliveryProcessingDeliveryNotificationOut,MaintainInboundDelivery,http://sap.com/xi/AP/LogisticsExecution/Global,InboundDeliveryProcessingDeliveryNotificationIn
SCM_FALCON001_2022,An error occurred during save process // Purchase order item has been canceled,"TPOP PO line item is already cancelled but Inter-company OD related to SO is released and triggered the message to create IDN, * for PO, as OD have no updates about the cancellation of PO, the message is failing because of this inconsistency.As we can see TPOP Sales Order is in Completed State and TPOP PO is already cancelled. Hence this whole scenario should be reversed and Cancelled.1. Cancel the message 2. Undo-release the OD and cancel the OD 3. Ask the customer to cancel the full scenario ",Manual Action by Dev,No,150,nan,P,AP_DP_DELDESADVNOTIF_PRX,CL_SPAF_INB_PROXY_ADAPTER=====CM004,CL_SPAF_INB_PROXY_ADAPTER=====CP,AP_PAF_HELPER_TOOLS,000,2023-03-05,nan,An error occurred during save process,AP-ODP,AP_PAF_HELPER_TOOLS,I_APDL_IDE_PROC_DEL_NOTI_IN,nan,OutboundDeliveryProcessing,NotifyOfOutboundDelivery,http://sap.com/xi/AP/LogisticsExecution/Global,OutboundDeliveryProcessingDeliveryNotificationOut,MaintainInboundDelivery,http://sap.com/xi/AP/LogisticsExecution/Global,InboundDeliveryProcessingDeliveryNotificationIn
SCM_FALCON001_2022,An error occurred during save process // Purchase order item has been canceled,"TPOP PO line item is already cancelled but Inter-company OD related to SO is released and triggered the message to create IDN, * for PO, as OD have no updates about the cancellation of PO, the message is failing because of this inconsistency. 

As we can see TPOP Sales Order is in Completed State and TPOP PO is already cancelled. Hence this whole scenario should be reversed and Cancelled.  

1. Cancel the message  

2. Undo-release the OD and cancel the OD  

3. Ask the customer to cancel the full scenario ",Manual Action by Dev,No,150,nan,P,AP_DP_DELDESADVNOTIF_PRX,CL_SPAF_INB_PROXY_ADAPTER=====CM004,CL_SPAF_INB_PROXY_ADAPTER=====CP,AP_PAF_HELPER_TOOLS,000,2023-02-26,nan,An error occurred during save process,AP-ODP,AP_PAF_HELPER_TOOLS,I_APDL_IDE_PROC_DEL_NOTI_IN,nan,OutboundDeliveryProcessing,NotifyOfOutboundDelivery,http://sap.com/xi/AP/LogisticsExecution/Global,OutboundDeliveryProcessingDeliveryNotificationOut,MaintainInboundDelivery,http://sap.com/xi/AP/LogisticsExecution/Global,InboundDeliveryProcessingDeliveryNotificationIn
SCM_FALCON002_2022,Operation not possible purchase order does not exist,"1. Check for the -<OriginPurchaseOrderReference> in the xml 
2. Check if the PO exists in the system and if the process is complete
3. If the process is complete, then cancel the message",AMP Pending Manual action by DEV,No,0,nan,nan,nan,nan,nan,SRT_HC,007,0000-00-00,nan,Application Error after Commit Work execution,nan,SRT_HC,nan,nan,LogisticsExecutionControl,RequestDeliveryFulfilment,http://sap.com/xi/AP/SupplyChainControl/Global,LogisticsExecutionControlFulfilmentOut,MaintainInboundDeliveryRequest,http://sap.com/xi/AP/LogisticsExecution/Global,InboundDeliveryProcessingFulfilmentIn
SCM_FALCON002_2022,Operation not possible purchase order does not exist,"1. Check for the -<OriginPurchaseOrderReference> in the xml 
2. Check if the PO exists in the system and if the process is complete
3. If the process is complete, then cancel the message",AMP Pending Manual action by DEV,No,0,nan,nan,nan,nan,nan,SRT_HC,007,0000-00-00,nan,Application Error after Commit Work execution,nan,SRT_HC,nan,nan,LogisticsExecutionControl,RequestDeliveryFulfilment,http://sap.com/xi/AP/SupplyChainControl/Global,LogisticsExecutionControlFulfilmentOut,MaintainInboundDeliveryRequest,http://sap.com/xi/AP/LogisticsExecution/Global,InboundDeliveryProcessingFulfilmentIn
SCM_FALCON003_2022,"Application Error after Commit Work execution 
Error on xml: Party ID not valid (PAF error does not exist)","""1. Check for the <Receipent Party> in the xml 
2. Check if the party is valid by validating with other documents in the system and is the process is complete
3. If the process is complete, then cancel the message""",AMP Pending Manual action by DEV,No,"0
",nan,nan,nan,nan,nan,SRT_HC,007,0000-00-00,nan,Application Error after Commit Work execution,nan,SRT_HC,nan,nan,OutboundDeliveryProcessing,NotifyOfOutboundDelivery,http://sap.com/xi/AP/LogisticsExecution/Global,OutboundDeliveryProcessingDeliveryNotificationOut,MaintainInboundDelivery,http://sap.com/xi/AP/LogisticsExecution/Global,InboundDeliveryProcessingDeliveryNotificationIn
SCM_FALCON004_2022,An error occurred during save process // Purchase order item has been canceled,"""TPOP PO line item is already cancelled but Inter-company OD related to SO is released and triggered the message to create IDN, * for PO, as OD have no updates about the cancellation of PO, the message is failing because of this inconsistency. 

As we can see TPOP Sales Order is in Completed State and TPOP PO is already cancelled. Hence this whole scenario should be reversed and Cancelled.  

1. Cancel the message  

2. Undo-release the OD and cancel the OD  

3. Ask the customer to cancel the full scenario """,Manual Action by Dev,No,150,nan,P,AP_DP_DELDESADVNOTIF_PRX,CL_SPAF_INB_PROXY_ADAPTER=====CM004,CL_SPAF_INB_PROXY_ADAPTER=====CP,AP_PAF_HELPER_TOOLS,000,2023-03-28,nan,An error occurred during save process,AP-ODP,AP_PAF_HELPER_TOOLS,I_APDL_IDE_PROC_DEL_NOTI_IN,nan,nan,MaintainInboundDelivery,http://sap.com/xi/AP/LogisticsExecution/Global,InboundDeliveryProcessingDeliveryNotificationIn,MaintainInboundDelivery,http://sap.com/xi/AP/LogisticsExecution/Global,InboundDeliveryProcessingDeliveryNotificationIn
SCM_FALCON004_2022,An error occurred during save process // Purchase order item has been canceled,"""TPOP PO line item is already cancelled but Inter-company OD related to SO is released and triggered the message to create IDN, * for PO, as OD have no updates about the cancellation of PO, the message is failing because of this inconsistency. 

As we can see TPOP Sales Order is in Completed State and TPOP PO is already cancelled. Hence this whole scenario should be reversed and Cancelled.  

1. Cancel the message  

2. Undo-release the OD and cancel the OD  

3. Ask the customer to cancel the full scenario """,Manual Action by Dev,No,150,nan,P,AP_DP_DELDESADVNOTIF_PRX,CL_SPAF_INB_PROXY_ADAPTER=====CM004,CL_SPAF_INB_PROXY_ADAPTER=====CP,AP_PAF_HELPER_TOOLS,000,2023-03-28,nan,An error occurred during save process,AP-ODP,AP_PAF_HELPER_TOOLS,I_APDL_IDE_PROC_DEL_NOTI_IN,nan,nan,MaintainInboundDelivery,http://sap.com/xi/AP/LogisticsExecution/Global,InboundDeliveryProcessingDeliveryNotificationIn,MaintainInboundDelivery,http://sap.com/xi/AP/LogisticsExecution/Global,InboundDeliveryProcessingDeliveryNotificationIn
SCM_FALCON004_2022,An error occurred during save process // Purchase order item has been canceled,"""TPOP PO line item is already cancelled but Inter-company OD related to SO is released and triggered the message to create IDN, * for PO, as OD have no updates about the cancellation of PO, the message is failing because of this inconsistency. 

As we can see TPOP Sales Order is in Completed State and TPOP PO is already cancelled. Hence this whole scenario should be reversed and Cancelled.  

1. Cancel the message  

2. Undo-release the OD and cancel the OD  

3. Ask the customer to cancel the full scenario """,Manual Action by Dev,No,150,nan,P,AP_DP_DELDESADVNOTIF_PRX,CL_SPAF_INB_PROXY_ADAPTER=====CM004,CL_SPAF_INB_PROXY_ADAPTER=====CP,AP_PAF_HELPER_TOOLS,000,2023-04-10,nan,An error occurred during save process,AP-ODP,AP_PAF_HELPER_TOOLS,I_APDL_IDE_PROC_DEL_NOTI_IN,nan,nan,MaintainInboundDelivery,http://sap.com/xi/AP/LogisticsExecution/Global,InboundDeliveryProcessingDeliveryNotificationIn,MaintainInboundDelivery,http://sap.com/xi/AP/LogisticsExecution/Global,InboundDeliveryProcessingDeliveryNotificationIn
SCM_FALCON005_2022,Error while creating goods movement //  Confirmation not possible;posting on blocked by accounting,"KBA Already exists
Solution: Ask customer to remove posting block and restart the message",Manual Action by MS,Yes,0,nan,P,AP_DP_DELDESADVNOTIF_PRX,nan,SAPMSSY1,AP_ESI_COMMON,107,2023-03-31,nan,Changing data not possible; data is read-only,AP-ODP,AP_ESI_COMMON,I_APDL_IDE_PROC_DEL_NOTI_IN,nan,OutboundDeliveryProcessing,NotifyOfOutboundDelivery,http://sap.com/xi/AP/LogisticsExecution/Global,OutboundDeliveryProcessingDeliveryNotificationOut,MaintainInboundDelivery,http://sap.com/xi/AP/LogisticsExecution/Global,InboundDeliveryProcessingDeliveryNotificationIn
SCM_FALCON005_2022,Error while creating goods movement // Customer invoice already exist for outbound delivery,"KBA Already exists
Solution: Ask customer to remove posting block and restart the message",Manual Action by MS,Yes,0,nan,P,AP_DP_DELDESADVNOTIF_PRX,nan,SAPMSSY1,AP_ESI_COMMON,107,2023-03-31,nan,Changing data not possible; data is read-only,AP-ODP,AP_ESI_COMMON,I_APDL_IDE_PROC_DEL_NOTI_IN,nan,OutboundDeliveryProcessing,NotifyOfOutboundDelivery,http://sap.com/xi/AP/LogisticsExecution/Global,OutboundDeliveryProcessingDeliveryNotificationOut,MaintainInboundDelivery,http://sap.com/xi/AP/LogisticsExecution/Global,InboundDeliveryProcessingDeliveryNotificationIn
SCM_FALCON006_2022,Reconciliation period counter value not valid,Cancel the message ,Manual Action by Dev,No,"150
",nan,P,AP_DP_DELDESADVNOTIF_PRX,CL_SPAF_INB_PROXY_ADAPTER=====CM004,CL_SPAF_INB_PROXY_ADAPTER=====CP,APDL_MO_I,036,2022-01-30,nan,Reconciliation period counter value not valid,AP-ODP,APDL_MO_I,I_APDL_IDE_PROC_DEL_NOTI_IN,nan,OutboundDeliveryProcessing,NotifyOfOutboundDelivery,http://sap.com/xi/AP/LogisticsExecution/Global,OutboundDeliveryProcessingDeliveryNotificationOut,MaintainInboundDelivery,http://sap.com/xi/AP/LogisticsExecution/Global,InboundDeliveryProcessingDeliveryNotificationIn
SCM_FALCON007_2022,Operation not possible;business document locked,"""1. Check for the locks using sm12 transaction

2. Remove the locks and then restart the message

If the message is not delivered then:
1. Reconcile the message, if new message is delivered then cancel the old message""",AMP Pending Manual action by MS,Yes,nan,nan,nan,nan,nan,nan,nan,nan,nan,nan,nan,nan,nan,nan,nan,nan,nan,nan,nan,nan,nan,nan
SCM_FALCON008_2022,Adding lines to purchase proposals not permitted,"1. Cancel the message 

2. Cancel the PO and the purchase request

3. Create the whole scenario again",Manual Action by MS,No,0,nan,nan,nan,nan,nan,SRT_HC,007,0000-00-00,nan,Application Error after Commit Work execution,nan,SRT_HC,nan,nan,PurchaseRequestProcessing,ConfirmPurchaseRequest,http://sap.com/xi/AP/Purchasing/Global,PurchaseRequestProcessingPurchasingOut,ChangePurchaseRequisitionBasedOnPurchaseRequest,http://sap.com/xi/AP/SupplyChainControl/Global,ExternalProcurementTriggerAndResponsePurchasingIn
SCM_FALCON008_2022,Adding lines to purchase proposals not permitted,"1. Cancel the message 

2. Cancel the PO and the purchase request

3. Create the whole scenario again",Manual Action by MS,No,0,nan,nan,nan,nan,nan,SRT_HC,007,0000-00-00,nan,Application Error after Commit Work execution,nan,SRT_HC,nan,nan,PurchaseRequestProcessing,ConfirmPurchaseRequest,http://sap.com/xi/AP/Purchasing/Global,PurchaseRequestProcessingPurchasingOut,ChangePurchaseRequisitionBasedOnPurchaseRequest,http://sap.com/xi/AP/SupplyChainControl/Global,ExternalProcurementTriggerAndResponsePurchasingIn
SCM_FALCON009_2022,Customer reference for item  purchase requisition missing  ,"There is a missing sales order reference in the EPTR_PVPO business object 

 SESFTS --> EPTR_PVPO --> Query PO --> Root --> BTD_REF --> Won't find type code 114 

SESFTS --> EPTR_PVPO --> Query PO --> Root--> Navigate to item --> Select all items and go to ITEM_BTD_REF  --> 114 

In  Root --> BTD_REF, create a new entry, maintain SO ID (from 114 found in the above step), SO UUID  (from 114 found in the above step), Type code 114, 01 (referring the entry for type code 31) 

 Reconcile/restart the failed message.  ",Manual Action by Dev,Yes,"150
",nan,P,AP_EXT_PROC_TRIG_RESP_SVR_PRX,CL_SPAF_INB_PROXY_ADAPTER=====CM004,CL_SPAF_INB_PROXY_ADAPTER=====CP,EPTR_GENERAL,105,2023-02-21,nan,Customer reference for item purchase requisition 00000000000000000000000000000002285 missing,AP-EPT,EPTR_GENERAL,I_EPTR_ORDERING_NOTIF_IN,nan,PurchaseOrderProcessing,NotifyOfPurchaseOrder,http://sap.com/xi/AP/Purchasing/Global,PurchaseOrderProcessingOrderingNotificationOut,MaintainPlanningViewOfPurchaseOrder,http://sap.com/xi/AP/SupplyChainControl/Global,ExternalProcurementTriggerAndResponseOrderingNotificationIn
SCM_FALCON009_2022,Customer reference for item  purchase requisition missing  ,"There is a missing sales order reference in the EPTR_PVPO business object 

 SESFTS --> EPTR_PVPO --> Query PO --> Root --> BTD_REF --> Won't find type code 114 

SESFTS --> EPTR_PVPO --> Query PO --> Root--> Navigate to item --> Select all items and go to ITEM_BTD_REF  --> 114 

In  Root --> BTD_REF, create a new entry, maintain SO ID (from 114 found in the above step), SO UUID  (from 114 found in the above step), Type code 114, 01 (referring the entry for type code 31) 

 Reconcile/restart the failed message.  ",Manual Action by Dev,Yes,"150
",nan,P,AP_EXT_PROC_TRIG_RESP_SVR_PRX,CL_SPAF_INB_PROXY_ADAPTER=====CM004,CL_SPAF_INB_PROXY_ADAPTER=====CP,EPTR_GENERAL,105,2023-02-21,nan,Customer reference for item purchase requisition 00000000000000000000000000000002285 missing,AP-EPT,EPTR_GENERAL,I_EPTR_ORDERING_NOTIF_IN,nan,PurchaseOrderProcessing,NotifyOfPurchaseOrder,http://sap.com/xi/AP/Purchasing/Global,PurchaseOrderProcessingOrderingNotificationOut,MaintainPlanningViewOfPurchaseOrder,http://sap.com/xi/AP/SupplyChainControl/Global,ExternalProcurementTriggerAndResponseOrderingNotificationIn
SCM_FALCON010_2022,The external delivery item ID already exists.,"""There is a missing sales order reference in the EPTR_PVPO business object 

 SESFTS --> EPTR_PVPO --> Query PO --> Root --> BTD_REF --> Won't find type code 114 

SESFTS --> EPTR_PVPO --> Query PO --> Root--> Navigate to item --> Select all items and go to ITEM_BTD_REF  --> 114 

In  Root --> BTD_REF, create a new entry, maintain SO ID (from 114 found in the above step), SO UUID  (from 114 found in the above step), Type code 114, 01 (referring the entry for type code 31) 

 Reconcile/restart the failed message.  """,Manual Action by Dev,No,0,nan,nan,nan,nan,nan,SRT_HC,007,0000-00-00,nan,Application Error after Commit Work execution,nan,SRT_HC,nan,nan,PurchaseOrderProcessing,NotifyOfPurchaseOrder,http://sap.com/xi/AP/Purchasing/Global,PurchaseOrderProcessingOrderingNotificationOut,MaintainPlanningViewOfPurchaseOrder,http://sap.com/xi/AP/SupplyChainControl/Global,ExternalProcurementTriggerAndResponseOrderingNotificationIn
SCM_FALCON011_2022,Instance with the same key already exists,"The message is failing due to addition of Extension Fields 

Occurred to limited customers

Cancel the message and reverse the whole scenario.

We can request the customer to cancel the whole Purchase order and create a new one.
Ref Cust. Incident:  554218 / 2022",Manual Action by MS,No,nan,nan,nan,nan,nan,nan,SRT_HC,007,0000-00-00,nan,Application Error after Commit Work execution,nan,SRT_HC,nan,nan,PurchaseOrderProcessing,NotifyOfPurchaseOrder,http://sap.com/xi/AP/Purchasing/Global,PurchaseOrderProcessingOrderingNotificationOut,MaintainPlanningViewOfPurchaseOrder,http://sap.com/xi/AP/SupplyChainControl/Global,ExternalProcurementTriggerAndResponseOrderingNotificationIn
SCM_FALCON012_2022,Ordered procurement planning order reference missing // Reference Document ID missing,"1. Reference order missing 

2. cancel the message",AMP Pending Manual action by MS,Yes,"150
",nan,P,AP_EXT_PROC_TRIG_RESP_SVR_PRX,CL_SPAF_INB_PROXY_ADAPTER=====CM004,CL_SPAF_INB_PROXY_ADAPTER=====CP,EPTR_GENERAL,074,2022-06-06,nan,"Referenz für bestellten Beschaffungsplanungsauftrag fehlt (00000000000000000000000000000064793, Pos. 0000000001)",AP-EPT,EPTR_GENERAL,I_EPTR_ORDERING_NOTIF_IN,nan,PurchaseOrderProcessing,NotifyOfPurchaseOrder,http://sap.com/xi/AP/Purchasing/Global,PurchaseOrderProcessingOrderingNotificationOut,MaintainPlanningViewOfPurchaseOrder,http://sap.com/xi/AP/SupplyChainControl/Global,ExternalProcurementTriggerAndResponseOrderingNotificationIn
SCM_FALCON013_2022,Error while creating goods movement //  Confirmation not possible;posting on blocked by accounting,"KBA Already exists
Solution: Ask customer to remove posting block and restart the message",Manual Action by MS,Yes,150,nan,P,AP_PRODUCTION_PRX,CL_SPAF_INB_PROXY_ADAPTER=====CM004,CL_SPAF_INB_PROXY_ADAPTER=====CP,APLEX_DATETIME_MSG,001,2022-08-28,nan,??? ? ????. 02/27/2022? ???? ?? ???? ???? ????.,AP-PE,APLEX_DATETIME_MSG,I_APPE_PRODUCING_IN_IB,nan,ProductionTriggerAndResponse,RequestProduction,http://sap.com/xi/AP/SupplyChainControl/Global,ProductionTriggerAndResponseProducingOut,MaintainProductionRequest,http://sap.com/xi/AP/LogisticsExecution/Global,ProductionProducingIn
SCM_FALCON014_2022,The external delivery item ID already exists.,"1. This occurs when customer uses the same external reference id if another payload

2. Cancel the message and enter the unique reference ID

",AMP Pending Manual action by MS,No,"154
",nan,P,AP_DP_OUTDELEXECCONF_PRX,CL_SPAF_INB_PROXY_ADAPTER=====CM004,CL_SPAF_INB_PROXY_ADAPTER=====CP,APDL_ODE_VAL,062,2021-12-19,Manual Retry,The external delivery item ID already exists.,AP-XPS-DLP,APDL_ODE_VAL,I_APDL_OUTB_DEL_EXEC_IN,nan,nan,nan,nan,nan,ProcessOutboundDeliveryExecutionConfirmation,http://sap.com/xi/AP/LogisticsExecution/Global,OutboundDeliveryExecutionIn
SCM_FALCON015_2022,The external delivery item ID already exists.,"1. This occurs when customer uses the same external reference id if another payload

2. Cancel the message and enter the unique reference ID

",AMP Pending Manual action by MS,No,24,nan,P,SXML_PARTS,/1SAI/SASEEBCC8AAE137D062EE45=XT,/1SAI/SASEEBCC8AAE137D062EE45=XT,SRT_CORE,143,2022-03-07,nan,"Value is longer than the maximum permitted length 3: ""LENGTH""",BC-DWB-PRX,SRT_CORE,I_APDL_INB_DELIVERY_EXEC_IN,nan,nan,nan,nan,nan,ProcessInboundDeliveryExecutionConfirmation,http://sap.com/xi/AP/LogisticsExecution/Global,InboundDeliveryExecutionIn
SCM_FALCON016_2022,Invalid party ID,1. cancel the message,AMP Pending Manual action by MS,No,"150
",nan,P,AP_DP_OUTDELEXECCONF_PRX,CL_SPAF_INB_PROXY_ADAPTER=====CM004,CL_SPAF_INB_PROXY_ADAPTER=====CP,AP_PAF_HELPER_TOOLS,020,2022-02-16,nan,Unbekannter Beteiligter 4101740000020 9,AP-XPS-DLP,AP_PAF_HELPER_TOOLS,I_APDL_OUTB_DEL_EXEC_IN,nan,nan,nan,nan,nan,ProcessOutboundDeliveryExecutionConfirmation,http://sap.com/xi/AP/LogisticsExecution/Global,OutboundDeliveryExecutionIn
SCM_FALCON017_2022,Agent CL_APPE_MAINTAIN_PER_PAI has triggered a fatal error,"Error on debugging: Calculation of prod. order creation due date not possible for segment &1
Class: CL_APPER_D_PRD_SEG_PO_CRT_DATE
BO: ProductionRequest 

BO node: if_apper_production_request_c=>sc_node-production_segment 

BO node attribute: po_creation_due is missing",Manual Action by Dev,No,"0
",nan,nan,nan,nan,nan,SRT_HC,007,0000-00-00,nan,Application Error after Commit Work execution,nan,SRT_HC,nan,nan,ProductionTriggerAndResponse,RequestProduction,http://sap.com/xi/AP/SupplyChainControl/Global,ProductionTriggerAndResponseProducingOut,MaintainProductionRequest,http://sap.com/xi/AP/LogisticsExecution/Global,ProductionProducingIn
SCM_FALCON018_2022,Error while creating goods movement //  Confirmation not possible;posting on blocked by accounting,"KBA Already exists
Solution: Ask customer to remove posting block and restart the message",Manual Action by MS,Yes,154,nan,P,AP_OUTBOUND_DELIVERY_PC_PRX,CL_SPAF_INB_PROXY_ADAPTER=====CM004,CL_SPAF_INB_PROXY_ADAPTER=====CP,APLEX_DATETIME_MSG,001,2023-03-19,Manual Retry,Rückmeldung nicht möglich; Buchung am 31.08.2022 durch Rechnungswesen gesperrt,AP-ODP,APLEX_DATETIME_MSG,I_APDL_OUTB_DL_PRC_FLF_NTF_IN,nan,CustomerInvoiceProcessing,NotifyOfFulfillmentOfOutboundDelivery,http://sap.com/xi/AP/CustomerInvoicing/Global,CustomerInvoiceProcessingFulfillmentNotificationOut,MaintainOutboundDelivery,http://sap.com/xi/AP/LogisticsExecution/Global,OutboundDeliveryProcessingFulfilmentNotificationIn
SCM_FALCON018_2022,Error while creating goods movement //  Confirmation not possible;posting on blocked by accounting,"KBA Already exists
Solution: Ask customer to remove posting block and restart the message",Manual Action by MS,Yes,154,nan,P,AP_OUTBOUND_DELIVERY_PC_PRX,CL_SPAF_INB_PROXY_ADAPTER=====CM004,CL_SPAF_INB_PROXY_ADAPTER=====CP,APLEX_DATETIME_MSG,001,2023-03-19,Manual Retry,Rückmeldung nicht möglich; Buchung am 31.08.2022 durch Rechnungswesen gesperrt,AP-ODP,APLEX_DATETIME_MSG,I_APDL_OUTB_DL_PRC_FLF_NTF_IN,nan,CustomerInvoiceProcessing,NotifyOfFulfillmentOfOutboundDelivery,http://sap.com/xi/AP/CustomerInvoicing/Global,CustomerInvoiceProcessingFulfillmentNotificationOut,MaintainOutboundDelivery,http://sap.com/xi/AP/LogisticsExecution/Global,OutboundDeliveryProcessingFulfilmentNotificationIn
SCM_FALCON019_2022,Error while creating goods movement //  Confirmation not possible;posting on blocked by accounting,"KBA Already exists
Solution: Ask customer to remove posting block and restart the message",Manual Action by MS,Yes,nan,nan,nan,nan,nan,nan,nan,nan,nan,nan,nan,nan,nan,nan,nan,nan,nan,nan,nan,nan,nan,nan
SCM_FALCON020_2022,Reconciliation period counter value not valid,KBA: Cancel the message,Manual Action by Dev,No,nan,nan,nan,nan,nan,nan,nan,nan,nan,nan,nan,nan,nan,nan,nan,nan,nan,nan,nan,nan,nan,nan
SCM_FALCON020_2022,Sales kit header missing for item (Altius) -> Reconcilation counter period value not valid,KBA: Cancel the message,Manual Action by Dev,No,154,nan,P,AP_DP_DELREQFULREQ_PRX,CL_SPAF_INB_PROXY_ADAPTER=====CM004,CL_SPAF_INB_PROXY_ADAPTER=====CP,APDL_MO_I,060,2023-01-18,Manual Retry,No sales kit header exist for item 120,AP-XPS-DLP,APDL_MO_I,I_APDL_OUTB_DEL_PROC_FULF_IN,nan,LogisticsExecutionControl,RequestDeliveryFulfilment,http://sap.com/xi/AP/SupplyChainControl/Global,LogisticsExecutionControlFulfilmentOut,MaintainOutboundDeliveryRequest,http://sap.com/xi/AP/LogisticsExecution/Global,OutboundDeliveryProcessingFulfilmentIn
SCM_FALCON020_2022,"Quantity inconsistent for kit product &1, parent line item &2 (Altius) -> Reconcilation counter period value not valid",KBA: Cancel the message,Manual Action by Dev,No,"154
",nan,P,AP_OUTBOUND_DELIVERY_PC_PRX,CL_SPAF_INB_PROXY_ADAPTER=====CM004,CL_SPAF_INB_PROXY_ADAPTER=====CP,APDL_VAL,190,2023-02-12,Manual Retry,"Menge inkonsistent für Paketprodukt 1-0.0SCA, übergeordnete Belegzeile 20",AP-ODP,APDL_VAL,I_APDL_OUTB_DL_PRC_FLF_NTF_IN,nan,CustomerInvoiceProcessing,NotifyOfFulfillmentOfOutboundDelivery,http://sap.com/xi/AP/CustomerInvoicing/Global,CustomerInvoiceProcessingFulfillmentNotificationOut,MaintainOutboundDelivery,http://sap.com/xi/AP/LogisticsExecution/Global,OutboundDeliveryProcessingFulfilmentNotificationIn
SCM_FALCON021_2022,Schedule lines not present for item ,"KBA: Reconcile the following messages:
ODR -> LER
LER -> ODR
If Reconciled messages are passed: Cancel the failed message ",AMP Pending Manual action by DEV,No,"154
",nan,P,AP_DP_DELREQFULREQ_PRX,CL_SPAF_INB_PROXY_ADAPTER=====CM004,CL_SPAF_INB_PROXY_ADAPTER=====CP,APDL_MO_I,055,2023-03-06,Manual Retry,Schedule lines not present for item 50,AP-XPS-DLP,APDL_MO_I,I_APDL_OUTB_DEL_PROC_FULF_IN,nan,LogisticsExecutionControl,RequestDeliveryFulfilment,http://sap.com/xi/AP/SupplyChainControl/Global,LogisticsExecutionControlFulfilmentOut,MaintainOutboundDeliveryRequest,http://sap.com/xi/AP/LogisticsExecution/Global,OutboundDeliveryProcessingFulfilmentIn
SCM_FALCON021_2022,Schedule lines not present for item ,"KBA: Reconcile the following messages:
ODR -> LER
LER -> ODR
If Reconciled messages are passed: Cancel the failed message ",AMP Pending Manual action by DEV,No,"154
",nan,P,AP_DP_DELREQFULREQ_PRX,CL_SPAF_INB_PROXY_ADAPTER=====CM004,CL_SPAF_INB_PROXY_ADAPTER=====CP,APDL_MO_I,055,2023-03-06,Manual Retry,Schedule lines not present for item 50,AP-XPS-DLP,APDL_MO_I,I_APDL_OUTB_DEL_PROC_FULF_IN,nan,LogisticsExecutionControl,RequestDeliveryFulfilment,http://sap.com/xi/AP/SupplyChainControl/Global,LogisticsExecutionControlFulfilmentOut,MaintainOutboundDeliveryRequest,http://sap.com/xi/AP/LogisticsExecution/Global,OutboundDeliveryProcessingFulfilmentIn
SCM_FALCON021_2022,Schedule lines not present for item ,"KBA: Reconcile the following messages:
ODR -> LER
LER -> ODR
If Reconciled messages are passed: Cancel the failed message ",AMP Pending Manual action by DEV,No,0,nan,nan,nan,nan,nan,SRT_HC,007,0000-00-00,nan,Application Error after Commit Work execution,nan,SRT_HC,nan,nan,LogisticsExecutionControl,RequestDeliveryFulfilment,http://sap.com/xi/AP/SupplyChainControl/Global,LogisticsExecutionControlFulfilmentOut,MaintainOutboundDeliveryRequest,http://sap.com/xi/AP/LogisticsExecution/Global,OutboundDeliveryProcessingFulfilmentIn
SCM_FALCON022_2022,Planned delivery date must be after shipment date,"
KBA: If the process is complete: cancel the message
Else: Enter the planned date after shipment date and restart the message",AMP Pending Manual action by MS,No,nan,nan,nan,nan,nan,nan,nan,nan,nan,nan,nan,nan,nan,nan,nan,nan,nan,nan,nan,nan,nan,nan
SCM_FALCON023_2022,Error while updating life cycle status of production requisition 127,KBA: If production request is cancelled: Cancel the message,AMP Pending Manual action by MS,No,154,nan,P,AP_PRD_TRIGGER_RESPONSE_PRX,CL_SPAF_INB_PROXY_ADAPTER=====CM004,CL_SPAF_INB_PROXY_ADAPTER=====CP,APPTR_MAINTAIN_PRN,202,2023-03-22,Manual Retry,Material output 000001 in production requisition 6476 missing,AP-PTR,APPTR_MAINTAIN_PRN,I_APPTR_PRODUCING_IN_IB,nan,Production,ConfirmProductionRequest,http://sap.com/xi/AP/LogisticsExecution/Global,ProductionProducingOut,ChangeProductionRequisitionBasedOnProductionRequestConfirmation,http://sap.com/xi/AP/SupplyChainControl/Global,ProductionTriggerAndResponseProducingIn
SCM_FALCON023_2022,Error while updating life cycle status of production requisition 127,KBA: If production request is cancelled: Cancel the message,AMP Pending Manual action by MS,No,154,nan,P,AP_PRD_TRIGGER_RESPONSE_PRX,CL_SPAF_INB_PROXY_ADAPTER=====CM004,CL_SPAF_INB_PROXY_ADAPTER=====CP,APPTR_MAINTAIN_PRN,202,2023-03-22,Manual Retry,Material output 000001 in production requisition 6476 missing,AP-PTR,APPTR_MAINTAIN_PRN,I_APPTR_PRODUCING_IN_IB,nan,Production,ConfirmProductionRequest,http://sap.com/xi/AP/LogisticsExecution/Global,ProductionProducingOut,ChangeProductionRequisitionBasedOnProductionRequestConfirmation,http://sap.com/xi/AP/SupplyChainControl/Global,ProductionTriggerAndResponseProducingIn
SCM_FALCON023_2022,Error while updating life cycle status of production requisition 127,KBA: If production request is cancelled: Cancel the message,AMP Pending Manual action by MS,No,154,nan,P,AP_PRD_TRIGGER_RESPONSE_PRX,CL_SPAF_INB_PROXY_ADAPTER=====CM004,CL_SPAF_INB_PROXY_ADAPTER=====CP,APPTR_MAINTAIN_PRN,231,2023-03-12,Manual Retry,Error while updating life cycle status of production requisition 22598,AP-PTR,APPTR_MAINTAIN_PRN,I_APPTR_PRODUCING_IN_IB,nan,Production,ConfirmProductionRequest,http://sap.com/xi/AP/LogisticsExecution/Global,ProductionProducingOut,ChangeProductionRequisitionBasedOnProductionRequestConfirmation,http://sap.com/xi/AP/SupplyChainControl/Global,ProductionTriggerAndResponseProducingIn
SCM_FALCON024_2022,An error occurred during save process // Purchase order item has been canceled,"TPOP PO line item is already cancelled but Inter-company OD related to SO is released and triggered the message to create IDN, * for PO, as OD have no updates about the cancellation of PO, the message is failing because of this inconsistency. 

As we can see TPOP Sales Order is in Completed State and TPOP PO is already cancelled. Hence this whole scenario should be reversed and Cancelled.  

1. Cancel the message  

2. Undo-release the OD and cancel the OD  

3. Ask the customer to cancel the full scenario ",Manual Action by Dev,No,nan,nan,nan,nan,nan,nan,nan,nan,nan,nan,nan,nan,nan,nan,nan,nan,nan,nan,nan,nan,nan,nan
SCM_FALCON025_2022,Customer invoice already exist for outbound delivery // Error while creating goods movement ,"The customer is trying to cancel or undo-release the OD.

After examining the error message, it has been confirmed that the three noted ODs are currently prevented from being Undo Released due to each of them having active/uncancelled customer invoices:


The customer needs to cancel the active invoices and then perform Undo Release on the corresponding ODs.",Manual Action by Dev,Yes,nan,nan,nan,nan,nan,nan,nan,nan,nan,nan,nan,nan,nan,nan,nan,nan,nan,nan,nan,nan,nan,nan
SCM_FALCON026_2022,Open  array insert produces duplicate records i,"KBA: PDI issue
Cancel the message",Manual Action by MS,No,nan,nan,nan,nan,nan,nan,nan,nan,nan,nan,nan,nan,nan,nan,nan,nan,nan,nan,nan,nan,nan,nan
SCM_FALCON027_2022,Technical error  report an incident,"KBA: PDI issue
Cancel the message",Manual Action by MS,No,154,nan,P,AP_SDM_MAINTAIN_PVOI_PRX,CL_SPAF_INB_PROXY_ADAPTER=====CM004,CL_SPAF_INB_PROXY_ADAPTER=====CP,PVOI,013,2023-02-26,Manual Retry,Technical error PVOI 013; report an incident,AP-SDM,PVOI,I_PVOI_RECON_NOTIFICATION,nan,InventoryProcessing,NotifyPlanningOfInventoryReconciliation,http://sap.com/xi/AP/LogisticsExecution/Global,InventoryProcessingInventoryReconciliationOut,MaintainPlanningViewOfInventoryBasedOnInventoryReconciliation,http://sap.com/xi/AP/SupplyChainControl/Global,SupplyAndDemandMatchingInventoryReconciliationIn
SCM_FALCON027_2022,Technical error  report an incident,"KBA: PDI issue
Cancel the message",Manual Action by MS,No,154,nan,P,AP_SDM_MAINTAIN_PVOI_PRX,CL_SPAF_INB_PROXY_ADAPTER=====CM004,CL_SPAF_INB_PROXY_ADAPTER=====CP,PVOI,013,2023-02-26,Manual Retry,Technical error PVOI 013; report an incident,AP-SDM,PVOI,I_PVOI_RECON_NOTIFICATION,nan,InventoryProcessing,NotifyPlanningOfInventoryReconciliation,http://sap.com/xi/AP/LogisticsExecution/Global,InventoryProcessingInventoryReconciliationOut,MaintainPlanningViewOfInventoryBasedOnInventoryReconciliation,http://sap.com/xi/AP/SupplyChainControl/Global,SupplyAndDemandMatchingInventoryReconciliationIn
SCM_FALCON028_2022,Error while creating or updating follow-up document,Outbound Delivery is cancelled -> Cancel the message,AMP Pending Manual action by MS,No,nan,nan,nan,nan,nan,nan,nan,nan,nan,nan,nan,nan,nan,nan,nan,nan,nan,nan,nan,nan,nan,nan
SCM_FALCON029_2022,User is locked. Please notify the person responsible,"Restart the message. If the message is not delivered then follow these KBA steps:

https://i7p.wdf.sap.corp/sap(bD1lbiZjPTAwMQ==)/bc/bsp/sno/ui_entry/entry.htm?param=69765F6D6F64653D3030312669765F7361706E6F7465735F6B65793D30313230303631353332303030303133323038373230313426",AMP Pending Manual action by DEV,Yes,154,nan,P,AP_DP_DELREQFULREQ_PRX,CL_SPAF_INB_PROXY_ADAPTER=====CM004,CL_SPAF_INB_PROXY_ADAPTER=====CP,APDL_MO_TASK,004,2023-02-06,Manual Retry,Operation not possible; purchase order 54513 locked by APX-000287 (Chandrashekar Maisaiah Pulluri).,AP-XPS-DLP,APDL_MO_TASK,I_APDL_INB_DEL_PROC_FULF_IN,nan,LogisticsExecutionControl,RequestDeliveryFulfilment,http://sap.com/xi/AP/SupplyChainControl/Global,LogisticsExecutionControlFulfilmentOut,MaintainInboundDeliveryRequest,http://sap.com/xi/AP/LogisticsExecution/Global,InboundDeliveryProcessingFulfilmentIn
SCM_FALCON029_2022,Operation not possible;business document locked,"Restart the message. If the message is not delivered then follow these KBA steps:

https://i7p.wdf.sap.corp/sap(bD1lbiZjPTAwMQ==)/bc/bsp/sno/ui_entry/entry.htm?param=69765F6D6F64653D3030312669765F7361706E6F7465735F6B65793D30313230303631353332303030303133323038373230313426",AMP Pending Manual action by DEV,Yes,154,nan,P,AP_DP_DELREQFULREQ_PRX,CL_SPAF_INB_PROXY_ADAPTER=====CM004,CL_SPAF_INB_PROXY_ADAPTER=====CP,APDL_MO_TASK,004,2023-02-06,Manual Retry,Operation not possible; purchase order 54513 locked by APX-000287 (Chandrashekar Maisaiah Pulluri).,AP-XPS-DLP,APDL_MO_TASK,I_APDL_INB_DEL_PROC_FULF_IN,nan,LogisticsExecutionControl,RequestDeliveryFulfilment,http://sap.com/xi/AP/SupplyChainControl/Global,LogisticsExecutionControlFulfilmentOut,MaintainInboundDeliveryRequest,http://sap.com/xi/AP/LogisticsExecution/Global,InboundDeliveryProcessingFulfilmentIn
SCM_FALCON029_2022,Operation not possible;business document locked,"Restart the message. If the message is not delivered then follow these KBA steps:

https://i7p.wdf.sap.corp/sap(bD1lbiZjPTAwMQ==)/bc/bsp/sno/ui_entry/entry.htm?param=69765F6D6F64653D3030312669765F7361706E6F7465735F6B65793D30313230303631353332303030303133323038373230313426",AMP Pending Manual action by DEV,Yes,0,nan,nan,nan,nan,nan,SRT_HC,007,0000-00-00,nan,Application Error after Commit Work execution,nan,SRT_HC,nan,nan,LogisticsExecutionControl,RequestDeliveryFulfilment,http://sap.com/xi/AP/SupplyChainControl/Global,LogisticsExecutionControlFulfilmentOut,MaintainInboundDeliveryRequest,http://sap.com/xi/AP/LogisticsExecution/Global,InboundDeliveryProcessingFulfilmentIn
SCM_FALCON029_2022,User is locked. Please notify the person responsible,"Restart the message. If the message is not delivered then follow these KBA steps:

https://i7p.wdf.sap.corp/sap(bD1lbiZjPTAwMQ==)/bc/bsp/sno/ui_entry/entry.htm?param=69765F6D6F64653D3030312669765F7361706E6F7465735F6B65793D30313230303631353332303030303133323038373230313426",AMP Pending Manual action by DEV,Yes,0,nan,nan,nan,nan,nan,SRT_HC,007,0000-00-00,nan,Application Error after Commit Work execution,nan,SRT_HC,nan,nan,LogisticsExecutionControl,RequestDeliveryFulfilment,http://sap.com/xi/AP/SupplyChainControl/Global,LogisticsExecutionControlFulfilmentOut,MaintainOutboundDeliveryRequest,http://sap.com/xi/AP/LogisticsExecution/Global,OutboundDeliveryProcessingFulfilmentIn
SCM_FALCON030_2022,Reference document type Inbound Delivery with item type Delivery Return Item not permitted,"We observed a CRN(S005RVINT64461025) was created through webservice with dummy customer invoice reference with Follow-up activity as ""Return to Supplier"" which is not allowed. For creating CRN with follow-up activity as ""Return to Supplier"" we need to provide actual Third-Party Outbound Delivery reference. With Dummy Reference, it is not allowed to have follow-up activity as ""Return to supplier"". Since the validation is missing in Create CRN webservice, so user was able to create such scenario, However, it is not allowed through UI. Now when user creates return to supplier for this Customer Return Delivery, it does not fetch any Purchase Order reference due to which no master data values get fetched in the Return to Supplier UI.

So kindly cancel all the return scenarios where RTS is follow-up activity and referenced OD is not TPOP type.",AMP Pending Manual action by MS,No,154,nan,P,AP_DP_DELREQFULREQ_PRX,CL_SPAF_INB_PROXY_ADAPTER=====CM004,CL_SPAF_INB_PROXY_ADAPTER=====CP,LSC_VAL,051,2023-01-10,Manual Retry,Type document référence Réception avec type article Poste de retour de livraison non autorisé,AP-XPS-DLP,LSC_VAL,I_APDL_OUTB_DEL_PROC_FULF_IN,nan,ReturnToSupplier,RequestReturnDeliveryToSupplier,http://sap.com/xi/AP/Purchasing/Global,ReturnToSupplierFulfilmentOut,MaintainOutboundDeliveryRequest,http://sap.com/xi/AP/LogisticsExecution/Global,OutboundDeliveryProcessingFulfilmentIn
SCM_FALCON030_2022,Reference document type Inbound Delivery with item type Delivery Return Item not permitted,"We observed a CRN(S005RVINT64461025) was created through webservice with dummy customer invoice reference with Follow-up activity as ""Return to Supplier"" which is not allowed. For creating CRN with follow-up activity as ""Return to Supplier"" we need to provide actual Third-Party Outbound Delivery reference. With Dummy Reference, it is not allowed to have follow-up activity as ""Return to supplier"". Since the validation is missing in Create CRN webservice, so user was able to create such scenario, However, it is not allowed through UI. Now when user creates return to supplier for this Customer Return Delivery, it does not fetch any Purchase Order reference due to which no master data values get fetched in the Return to Supplier UI.

So kindly cancel all the return scenarios where RTS is follow-up activity and referenced OD is not TPOP type.",AMP Pending Manual action by MS,No,154,nan,P,AP_DP_DELREQFULREQ_PRX,CL_SPAF_INB_PROXY_ADAPTER=====CM004,CL_SPAF_INB_PROXY_ADAPTER=====CP,LSC_VAL,051,2023-03-30,Manual Retry,Reference document type Inbound Delivery with item type Delivery Return Item not permitted,AP-XPS-DLP,LSC_VAL,I_APDL_OUTB_DEL_PROC_FULF_IN,nan,ReturnToSupplier,RequestReturnDeliveryToSupplier,http://sap.com/xi/AP/Purchasing/Global,ReturnToSupplierFulfilmentOut,MaintainOutboundDeliveryRequest,http://sap.com/xi/AP/LogisticsExecution/Global,OutboundDeliveryProcessingFulfilmentIn
SCM_FALCON030_2022,Reference document type Inbound Delivery with item type Delivery Return Item not permitted,"We observed a CRN(S005RVINT64461025) was created through webservice with dummy customer invoice reference with Follow-up activity as ""Return to Supplier"" which is not allowed. For creating CRN with follow-up activity as ""Return to Supplier"" we need to provide actual Third-Party Outbound Delivery reference. With Dummy Reference, it is not allowed to have follow-up activity as ""Return to supplier"". Since the validation is missing in Create CRN webservice, so user was able to create such scenario, However, it is not allowed through UI. Now when user creates return to supplier for this Customer Return Delivery, it does not fetch any Purchase Order reference due to which no master data values get fetched in the Return to Supplier UI.

So kindly cancel all the return scenarios where RTS is follow-up activity and referenced OD is not TPOP type.",AMP Pending Manual action by MS,No,154,nan,P,AP_DP_DELREQFULREQ_PRX,CL_SPAF_INB_PROXY_ADAPTER=====CM004,CL_SPAF_INB_PROXY_ADAPTER=====CP,LSC_VAL,051,2023-01-10,Manual Retry,Type document référence Réception avec type article Poste de retour de livraison non autorisé,AP-XPS-DLP,LSC_VAL,I_APDL_OUTB_DEL_PROC_FULF_IN,nan,ReturnToSupplier,RequestReturnDeliveryToSupplier,http://sap.com/xi/AP/Purchasing/Global,ReturnToSupplierFulfilmentOut,MaintainOutboundDeliveryRequest,http://sap.com/xi/AP/LogisticsExecution/Global,OutboundDeliveryProcessingFulfilmentIn
SCM_FALCON031_2023,Inbound delivery with ID &1 to be changed is cancelled,"The inbound delivery to be changed is already cancelled, so cancelling the message",AMP Pending Manual action by MS,No,0,nan,nan,nan,nan,nan,SRT_HC,007,0000-00-00,nan,Application Error after Commit Work execution,nan,SRT_HC,nan,nan,OutboundDeliveryProcessing,NotifyOfOutboundDelivery,http://sap.com/xi/AP/LogisticsExecution/Global,OutboundDeliveryProcessingDeliveryNotificationOut,MaintainInboundDelivery,http://sap.com/xi/AP/LogisticsExecution/Global,InboundDeliveryProcessingDeliveryNotificationIn
SCM_FALCON031_2023,Inbound delivery with ID &1 to be changed is cancelled,"The inbound delivery to be changed is already cancelled, so cancelling the message",AMP Pending Manual action by MS,No,0,nan,nan,nan,nan,nan,SRT_HC,007,0000-00-00,nan,Application Error after Commit Work execution,nan,SRT_HC,nan,nan,OutboundDeliveryProcessing,NotifyOfOutboundDelivery,http://sap.com/xi/AP/LogisticsExecution/Global,OutboundDeliveryProcessingDeliveryNotificationOut,MaintainInboundDelivery,http://sap.com/xi/AP/LogisticsExecution/Global,InboundDeliveryProcessingDeliveryNotificationIn
SCM_FALCON032_2023,Changing data not possible; data is read-only,Restart ,AMP Pending Manual action by MS,No,"154
",nan,P,AP_OUTBOUND_DELIVERY,CL_SPAF_INB_PROXY_ADAPTER=====CM004,CL_SPAF_INB_PROXY_ADAPTER=====CP,AP_ESI_COMMON,107,2023-03-19,Manual Retry,Changing data not possible; data is read-only,AP-ODP-OD,AP_ESI_COMMON,I_APDL_CONSIGN_PRC_FLF_NTF_IN,nan,SalesOrderProcessing,NotifyOfSalesOrderConsignmentIssue,http://sap.com/xi/AP/CRM/Global,ConsignmentIssueFulfilmentNotificationOut,MaintainConsignmentIssue,http://sap.com/xi/AP/LogisticsExecution/Global,ConsignmentIssueProcessingFulfilmentNotificationIn
SCM_FALCON032_2023,Changing data not possible; data is read only,Restart ,AMP Pending Manual action by MS,No,154,nan,P,AP_OUTBOUND_DELIVERY,CL_SPAF_INB_PROXY_ADAPTER=====CM004,CL_SPAF_INB_PROXY_ADAPTER=====CP,AP_ESI_COMMON,107,2023-03-19,Manual Retry,Changing data not possible; data is read-only,AP-ODP-OD,AP_ESI_COMMON,I_APDL_CONSIGN_PRC_FLF_NTF_IN,nan,SalesOrderProcessing,NotifyOfSalesOrderConsignmentIssue,http://sap.com/xi/AP/CRM/Global,ConsignmentIssueFulfilmentNotificationOut,MaintainConsignmentIssue,http://sap.com/xi/AP/LogisticsExecution/Global,ConsignmentIssueProcessingFulfilmentNotificationIn
SCM_FALCON033_2023,Unit of measure missing,Cancelled,AMP Pending Manual action by MS,No,"150
",nan,P,AP_EXT_PROC_TRIG_RESP_SVR_PRX,CL_SPAF_INB_PROXY_ADAPTER=====CM004,CL_SPAF_INB_PROXY_ADAPTER=====CP,LSC_VAL,041,2023-03-23,nan,Unit of measure missing,AP-EPT,LSC_VAL,I_EPTR_ORDERING_NOTIF_IN,nan,PurchaseOrderProcessing,NotifyOfPurchaseOrder,http://sap.com/xi/AP/Purchasing/Global,PurchaseOrderProcessingOrderingNotificationOut,MaintainPlanningViewOfPurchaseOrder,http://sap.com/xi/AP/SupplyChainControl/Global,ExternalProcurementTriggerAndResponseOrderingNotificationIn
SCM_FALCON033_2023,Unit of measure missing,Cancelled,AMP Pending Manual action by MS,No,"150
",nan,P,AP_EXT_PROC_TRIG_RESP_SVR_PRX,CL_SPAF_INB_PROXY_ADAPTER=====CM004,CL_SPAF_INB_PROXY_ADAPTER=====CP,LSC_VAL,041,2023-03-23,nan,Unit of measure missing,AP-EPT,LSC_VAL,I_EPTR_ORDERING_NOTIF_IN,nan,PurchaseOrderProcessing,NotifyOfPurchaseOrder,http://sap.com/xi/AP/Purchasing/Global,PurchaseOrderProcessingOrderingNotificationOut,MaintainPlanningViewOfPurchaseOrder,http://sap.com/xi/AP/SupplyChainControl/Global,ExternalProcurementTriggerAndResponseOrderingNotificationIn
SCM_FALCON034_2023,Reconciliation period counter value not valid,Cancelled,Manual Action by Dev,No,154,nan,P,AP_DP_DELREQFULREQ_PRX,CL_SPAF_INB_PROXY_ADAPTER=====CM004,CL_SPAF_INB_PROXY_ADAPTER=====CP,APDL_MO_I,036,2023-03-20,Manual Retry,Reconciliation period counter value not valid,AP-XPS-DLP,APDL_MO_I,I_APDL_OUTB_DEL_PROC_FULF_IN,nan,CustomerReturnProcessing,Request,http://sap.com/xi/AP/CRM/Global,CustomerReturnProcessingFulfilmentOut,MaintainOutboundDeliveryRequest,http://sap.com/xi/AP/LogisticsExecution/Global,OutboundDeliveryProcessingFulfilmentIn
SCM_FALCON034_2023,Reconciliation period counter value not valid,Cancelled,Manual Action by Dev,No,154,nan,P,AP_DP_DELREQFULREQ_PRX,CL_SPAF_INB_PROXY_ADAPTER=====CM004,CL_SPAF_INB_PROXY_ADAPTER=====CP,APDL_MO_I,036,2023-03-20,Manual Retry,Reconciliation period counter value not valid,AP-XPS-DLP,APDL_MO_I,I_APDL_OUTB_DEL_PROC_FULF_IN,nan,CustomerReturnProcessing,Request,http://sap.com/xi/AP/CRM/Global,CustomerReturnProcessingFulfilmentOut,MaintainOutboundDeliveryRequest,http://sap.com/xi/AP/LogisticsExecution/Global,OutboundDeliveryProcessingFulfilmentIn
SCM_FALCON034_2023,Reconcilation got delivered,Cancelled,Manual Action by Dev,No,154,nan,P,AP_SDM_MAINTAIN_PVOI_PRX,CL_SPAF_INB_PROXY_ADAPTER=====CM004,CL_SPAF_INB_PROXY_ADAPTER=====CP,PVOI,013,2023-03-21,Manual Retry,Technical error PVOI 013; report an incident,AP-SDM,PVOI,I_PVOI_RECON_NOTIFICATION,nan,InventoryProcessing,NotifyPlanningOfInventoryReconciliation,http://sap.com/xi/AP/LogisticsExecution/Global,InventoryProcessingInventoryReconciliationOut,MaintainPlanningViewOfInventoryBasedOnInventoryReconciliation,http://sap.com/xi/AP/SupplyChainControl/Global,SupplyAndDemandMatchingInventoryReconciliationIn
SCM_FALCON035_2023,Invalid party ID,Restart ,AMP Pending Manual action by MS,No,0,nan,nan,nan,nan,nan,SRT_HC,007,0000-00-00,nan,Application Error after Commit Work execution,nan,SRT_HC,nan,nan,SalesOrderProcessing,NotifyOfSalesOrderConsignmentIssue,http://sap.com/xi/AP/CRM/Global,ConsignmentIssueFulfilmentNotificationOut,MaintainConsignmentIssue,http://sap.com/xi/AP/LogisticsExecution/Global,ConsignmentIssueProcessingFulfilmentNotificationIn
SCM_FALCON035_2023,Invalid party ID,Restart ,AMP Pending Manual action by MS,No,0,nan,nan,nan,nan,nan,SRT_HC,007,0000-00-00,nan,Application Error after Commit Work execution,nan,SRT_HC,nan,nan,SalesOrderProcessing,NotifyOfSalesOrderConsignmentIssue,http://sap.com/xi/AP/CRM/Global,ConsignmentIssueFulfilmentNotificationOut,MaintainConsignmentIssue,http://sap.com/xi/AP/LogisticsExecution/Global,ConsignmentIssueProcessingFulfilmentNotificationIn
SCM_FALCON036_2023,Invalid party ID,Cancelled,AMP Pending Manual action by MS,No,0,nan,nan,nan,nan,nan,SRT_HC,007,0000-00-00,nan,Application Error after Commit Work execution,nan,SRT_HC,nan,nan,OutboundDeliveryProcessing,ConfirmFulfilment,http://sap.com/xi/AP/LogisticsExecution/Global,OutboundDeliveryProcessingFulfilmentOut,ChangeLogisticsExecutionRequisitionBasedOnDeliveryFulfilmentConfirmation,http://sap.com/xi/AP/SupplyChainControl/Global,LogisticsExecutionControlFulfilmentIn
SCM_FALCON036_2023,Invalid party ID,Cancelled,AMP Pending Manual action by MS,No,0,nan,nan,nan,nan,nan,SRT_HC,007,0000-00-00,nan,Application Error after Commit Work execution,nan,SRT_HC,nan,nan,OutboundDeliveryProcessing,ConfirmFulfilment,http://sap.com/xi/AP/LogisticsExecution/Global,OutboundDeliveryProcessingFulfilmentOut,ChangeLogisticsExecutionRequisitionBasedOnDeliveryFulfilmentConfirmation,http://sap.com/xi/AP/SupplyChainControl/Global,LogisticsExecutionControlFulfilmentIn
SCM_FALCON037_2023,Operation not possible;business document locked,"The inbound delivery to be changed is already cancelled, so cancelling the message",AMP Pending Manual action by MS,No,"0
",nan,nan,nan,nan,nan,SRT_HC,007,0000-00-00,nan,Application Error after Commit Work execution,nan,SRT_HC,nan,nan,Production,ConfirmProductionRequest,http://sap.com/xi/AP/LogisticsExecution/Global,ProductionProducingOut,ChangeProductionRequisitionBasedOnProductionRequestConfirmation,http://sap.com/xi/AP/SupplyChainControl/Global,ProductionTriggerAndResponseProducingIn
SCM_FALCON037_2023,Operation not possible;business document locked,"The inbound delivery to be changed is already cancelled, so cancelling the message",AMP Pending Manual action by MS,No,"0
",nan,nan,nan,nan,nan,SRT_HC,007,0000-00-00,nan,Application Error after Commit Work execution,nan,SRT_HC,nan,nan,Production,ConfirmProductionRequest,http://sap.com/xi/AP/LogisticsExecution/Global,ProductionProducingOut,ChangeProductionRequisitionBasedOnProductionRequestConfirmation,http://sap.com/xi/AP/SupplyChainControl/Global,ProductionTriggerAndResponseProducingIn
SCM_FALCON038_2023,Changes not allowed; the order is in approval status,Sent to the customer for approval,Manual Action by MS,No,0,nan,nan,nan,nan,nan,SRT_HC,007,0000-00-00,nan,Application Error after Commit Work execution,nan,SRT_HC,nan,nan,OutboundDeliveryProcessing,NotifyOfOutboundDelivery,http://sap.com/xi/AP/LogisticsExecution/Global,OutboundDeliveryProcessingDeliveryNotificationOut,MaintainInboundDelivery,http://sap.com/xi/AP/LogisticsExecution/Global,InboundDeliveryProcessingDeliveryNotificationIn
SCM_FALCON038_2023,Changes not allowed; The order is in approval status,Sent to the customer for approval,Manual Action by MS,No,0,nan,nan,nan,nan,nan,SRT_HC,007,0000-00-00,nan,Application Error after Commit Work execution,nan,SRT_HC,nan,nan,OutboundDeliveryProcessing,NotifyOfOutboundDelivery,http://sap.com/xi/AP/LogisticsExecution/Global,OutboundDeliveryProcessingDeliveryNotificationOut,MaintainInboundDelivery,http://sap.com/xi/AP/LogisticsExecution/Global,InboundDeliveryProcessingDeliveryNotificationIn
SCM_FALCON039_2023, No access possible via a 'NULL' data reference.,Restart ,Central,No,0,nan,nan,nan,nan,nan,SRT_HC,007,0000-00-00,nan,Application Error after Commit Work execution,nan,SRT_HC,nan,nan,CustomerInvoiceProcessing,NotifyOfFulfillmentOfOutboundDelivery,http://sap.com/xi/AP/CustomerInvoicing/Global,CustomerInvoiceProcessingFulfillmentNotificationOut,MaintainOutboundDelivery,http://sap.com/xi/AP/LogisticsExecution/Global,OutboundDeliveryProcessingFulfilmentNotificationIn
SCM_FALCON040_2023,Quantity for deleted entry 000004 must be zero,Reconcilied,AMP Pending Manual action by MS,No,"154
",nan,P,AP_PRD_TRIGGER_RESPONSE_PRX,CL_SPAF_INB_PROXY_ADAPTER=====CM004,CL_SPAF_INB_PROXY_ADAPTER=====CP,APPRN_BO_CRP,071,2023-02-27,Manual Retry,????? 000004 ???????,AP-PTR,APPRN_BO_CRP,I_APPTR_PRODUCING_IN_IB,nan,Production,ConfirmProductionRequest,http://sap.com/xi/AP/LogisticsExecution/Global,ProductionProducingOut,ChangeProductionRequisitionBasedOnProductionRequestConfirmation,http://sap.com/xi/AP/SupplyChainControl/Global,ProductionTriggerAndResponseProducingIn
SCM_FALCON040_2023,Quantity must be null for deleted input 000004,Reconcilied,AMP Pending Manual action by MS,No,"154
",nan,P,AP_PRD_TRIGGER_RESPONSE_PRX,CL_SPAF_INB_PROXY_ADAPTER=====CM004,CL_SPAF_INB_PROXY_ADAPTER=====CP,APPRN_BO_CRP,071,2023-02-27,Manual Retry,????? 000004 ???????,AP-PTR,APPRN_BO_CRP,I_APPTR_PRODUCING_IN_IB,nan,Production,ConfirmProductionRequest,http://sap.com/xi/AP/LogisticsExecution/Global,ProductionProducingOut,ChangeProductionRequisitionBasedOnProductionRequestConfirmation,http://sap.com/xi/AP/SupplyChainControl/Global,ProductionTriggerAndResponseProducingIn
SCM_FALCON041_2023, Reference document for confirmation item schedule line missing,"By restarting, the issue got resolved and message got delivered.",AMP Pending Manual action by MS,No,"0
",nan,nan,nan,nan,nan,SRT_HC,007,0000-00-00,nan,Application Error after Commit Work execution,nan,SRT_HC,nan,nan,LogisticsExecutionControl,RequestDeliveryFulfilment,http://sap.com/xi/AP/SupplyChainControl/Global,LogisticsExecutionControlFulfilmentOut,MaintainOutboundDeliveryRequest,http://sap.com/xi/AP/LogisticsExecution/Global,OutboundDeliveryProcessingFulfilmentIn
SCM_FALCON041_2023,Configuration for location processing not found,"By restarting, the issue got resolved and message got delivered.",AMP Pending Manual action by MS,No,0,nan,nan,nan,nan,nan,SRT_HC,007,0000-00-00,nan,Application Error after Commit Work execution,nan,SRT_HC,nan,nan,LogisticsExecutionControl,RequestDeliveryFulfilment,http://sap.com/xi/AP/SupplyChainControl/Global,LogisticsExecutionControlFulfilmentOut,MaintainOutboundDeliveryRequest,http://sap.com/xi/AP/LogisticsExecution/Global,OutboundDeliveryProcessingFulfilmentIn
SCM_FALCON042_2023,Technical error AP_SPRQ_T100_MSG 085,message restarted and delivered.,AMP Pending Manual action by MS,No,"49
",nan,P,AP_CUSTOMER_REQ_PROC_PRX,/LCAP/LREQ_ORDERU01,/LCAP/SAPLREQ_ORDER,SRT_CORE,131,2023-02-01,Manual Retry,An exception occurred,AP-CR,SRT_CORE,I_APCRP_CR_FULFILLMENT_IB,nan,SalesOrderProcessing,RequestProductCustomerRequirementReservationAndFulfillment,http://sap.com/xi/AP/CRM/Global,SalesOrderProcessingFulfillmentOut,MaintainCustomerRequirement,http://sap.com/xi/AP/SupplyChainControl/Global,CustomerRequirementProcessingFulfillmentIn
SCM_FALCON042_2023,Saving supply planning requirement not possible; internal inconsistencies,message restarted and delivered.,AMP Pending Manual action by MS,No,49,nan,P,AP_CUSTOMER_REQ_PROC_PRX,/LCAP/LREQ_ORDERU01,/LCAP/SAPLREQ_ORDER,SRT_CORE,131,2023-02-01,Manual Retry,An exception occurred,AP-CR,SRT_CORE,I_APCRP_CR_FULFILLMENT_IB,nan,SalesOrderProcessing,RequestProductCustomerRequirementReservationAndFulfillment,http://sap.com/xi/AP/CRM/Global,SalesOrderProcessingFulfillmentOut,MaintainCustomerRequirement,http://sap.com/xi/AP/SupplyChainControl/Global,CustomerRequirementProcessingFulfillmentIn
SCM_FALCON043_2023,Expiry date for finished,Restart ,AMP Pending Manual action by MS,No,nan,nan,nan,nan,nan,nan,nan,nan,nan,nan,nan,nan,nan,nan,nan,PurchaseRequestProcessing,ConfirmPurchaseRequest,http://sap.com/xi/AP/Purchasing/Global,PurchaseRequestProcessingPurchasingOut,ChangePurchaseRequisitionBasedOnPurchaseRequest,http://sap.com/xi/AP/SupplyChainControl/Global,ExternalProcurementTriggerAndResponsePurchasingIn
SCM_FALCON043_2023,Expiry date for finished,Restart ,AMP Pending Manual action by MS,No,0,nan,nan,nan,nan,nan,SRT_HC,007,0000-00-00,nan,Application Error after Commit Work execution,nan,SRT_HC,nan,nan,CustomerInvoiceProcessing,NotifyOfFulfillmentOfOutboundDelivery,http://sap.com/xi/AP/CustomerInvoicing/Global,CustomerInvoiceProcessingFulfillmentNotificationOut,MaintainOutboundDelivery,http://sap.com/xi/AP/LogisticsExecution/Global,OutboundDeliveryProcessingFulfilmentNotificationIn
SCM_FALCON043_2023,Expiry date for finished,Restart ,AMP Pending Manual action by MS,No,nan,nan,nan,nan,nan,nan,nan,nan,nan,nan,nan,nan,nan,nan,nan,PurchaseRequestProcessing,ConfirmPurchaseRequest,http://sap.com/xi/AP/Purchasing/Global,PurchaseRequestProcessingPurchasingOut,ChangePurchaseRequisitionBasedOnPurchaseRequest,http://sap.com/xi/AP/SupplyChainControl/Global,ExternalProcurementTriggerAndResponsePurchasingIn
SCM_FALCON044_2023,"Quantity inconsistent for package product 1-0.0SCA, parent document line 20","Looking into the OTCS document, I see line item 20 has a Sales Kit Product 1-0.0SCA having quantity 4. This should mean that the Sales Kit Items should have the below expected quantities:
ET1-0.0A qty 4
ROT00SC qty 4
BEF.100 qty 8
However, currently the Sales Kit Item quantities are as below:
ET1-0.0A qty 1
ROT00SC qty 1
BEF.100 qty 2
This is the reason that the message is failing.
The customer needs to cancel this product and add it in the OTCS document again. This should trigger the creation of OD successfully.",Manual Action by Dev,No,154,nan,P,AP_OUTBOUND_DELIVERY_PC_PRX,CL_SPAF_INB_PROXY_ADAPTER=====CM004,CL_SPAF_INB_PROXY_ADAPTER=====CP,APDL_VAL,190,2023-02-12,Manual Retry,"Menge inkonsistent für Paketprodukt 1-0.0SCA, übergeordnete Belegzeile 20",AP-ODP,APDL_VAL,I_APDL_OUTB_DL_PRC_FLF_NTF_IN,nan,CustomerInvoiceProcessing,NotifyOfFulfillmentOfOutboundDelivery,http://sap.com/xi/AP/CustomerInvoicing/Global,CustomerInvoiceProcessingFulfillmentNotificationOut,MaintainOutboundDelivery,http://sap.com/xi/AP/LogisticsExecution/Global,OutboundDeliveryProcessingFulfilmentNotificationIn
SCM_FALCON044_2023,OTCS Dump,"Looking into the OTCS document, I see line item 20 has a Sales Kit Product 1-0.0SCA having quantity 4. This should mean that the Sales Kit Items should have the below expected quantities:
ET1-0.0A qty 4
ROT00SC qty 4
BEF.100 qty 8
However, currently the Sales Kit Item quantities are as below:
ET1-0.0A qty 1
ROT00SC qty 1
BEF.100 qty 2
This is the reason that the message is failing.
The customer needs to cancel this product and add it in the OTCS document again. This should trigger the creation of OD successfully.",Manual Action by Dev,No,nan,nan,nan,nan,nan,nan,nan,nan,nan,nan,nan,nan,nan,nan,nan,nan,nan,nan,nan,nan,nan,nan
SCM_FALCON045_2023,Ordered procurement planning order reference missing // Reference Document ID missing,Cancelled,AMP Pending Manual action by MS,No,0,nan,nan,nan,nan,nan,SRT_HC,007,0000-00-00,nan,Application Error after Commit Work execution,nan,SRT_HC,nan,nan,OutboundDeliveryProcessing,NotifyOfOutboundDelivery,http://sap.com/xi/AP/LogisticsExecution/Global,OutboundDeliveryProcessingDeliveryNotificationOut,MaintainInboundDelivery,http://sap.com/xi/AP/LogisticsExecution/Global,InboundDeliveryProcessingDeliveryNotificationIn
SCM_FALCON045_2023,Ordered procurement planning order reference missing // Reference Document ID missing,Cancelled,AMP Pending Manual action by MS,No,0,nan,nan,nan,nan,nan,SRT_HC,007,0000-00-00,nan,Application Error after Commit Work execution,nan,SRT_HC,nan,nan,OutboundDeliveryProcessing,NotifyOfOutboundDelivery,http://sap.com/xi/AP/LogisticsExecution/Global,OutboundDeliveryProcessingDeliveryNotificationOut,MaintainInboundDelivery,http://sap.com/xi/AP/LogisticsExecution/Global,InboundDeliveryProcessingDeliveryNotificationIn
SCM_FALCON046_2023,The external delivery item ID already exists.,We see that the issue is happening due to Confirmed inbound delivery (CID) * having the Inbound delivery notification (IDN) ID as *.  CID created another return to supplier (RTS) * which has the same issue. We advise you to cancel both the RTS and the CID * and create new documents with a different IDN ID.,Manual Action by Dev,No,154,nan,P,AP_DP_DELREQFULREQ_PRX,CL_SPAF_INB_PROXY_ADAPTER=====CM004,CL_SPAF_INB_PROXY_ADAPTER=====CP,APDL_IDP_VAL,003,2023-01-30,Manual Retry,An inbound delivery with reference to the inbound delivery notification 5278 already exists. Enter a new inbound delivery notifi,AP-XPS-DLP,APDL_IDP_VAL,I_APDL_OUTB_DEL_PROC_FULF_IN,nan,ReturnToSupplier,RequestReturnDeliveryToSupplier,http://sap.com/xi/AP/Purchasing/Global,ReturnToSupplierFulfilmentOut,MaintainOutboundDeliveryRequest,http://sap.com/xi/AP/LogisticsExecution/Global,OutboundDeliveryProcessingFulfilmentIn
SCM_FALCON046_2023,The external delivery item ID already exists.,We see that the issue is happening due to Confirmed inbound delivery (CID) * having the Inbound delivery notification (IDN) ID as *.  CID created another return to supplier (RTS) * which has the same issue. We advise you to cancel both the RTS and the CID * and create new documents with a different IDN ID.,Manual Action by Dev,No,154,nan,P,AP_DP_DELREQFULREQ_PRX,CL_SPAF_INB_PROXY_ADAPTER=====CM004,CL_SPAF_INB_PROXY_ADAPTER=====CP,APDL_IDP_VAL,003,2023-01-30,Manual Retry,An inbound delivery with reference to the inbound delivery notification 5278 already exists. Enter a new inbound delivery notifi,AP-XPS-DLP,APDL_IDP_VAL,I_APDL_OUTB_DEL_PROC_FULF_IN,nan,ReturnToSupplier,RequestReturnDeliveryToSupplier,http://sap.com/xi/AP/Purchasing/Global,ReturnToSupplierFulfilmentOut,MaintainOutboundDeliveryRequest,http://sap.com/xi/AP/LogisticsExecution/Global,OutboundDeliveryProcessingFulfilmentIn
SCM_FALCON047_2023,Serial number count is not equal to delivery quantity p.44378 position 50,"The serial number was not required for component HOTS00952 at the time of OTCS 10208002441 creation since SN profile was not mandatory, but it is mandatory now due to which message is failing. The message FA163E38030E1EDDA8CE1090CC5FC984 should be restarted after asking the Customer to change the Product SN profile back to Optional. Once message is delivered OD will also be cancelled which is expected.",Manual Action by Dev,No,"154
",nan,P,AP_OUTBOUND_DELIVERY_PC_PRX,CL_SPAF_INB_PROXY_ADAPTER=====CM004,CL_SPAF_INB_PROXY_ADAPTER=====CP,APDL_VAL,242,2023-04-04,Manual Retry,Recuento números de serie no es igual a cantidad entrega p.44378 posición 50,AP-ODP,APDL_VAL,I_APDL_OUTB_DL_PRC_FLF_NTF_IN,nan,CustomerInvoiceProcessing,NotifyOfFulfillmentOfOutboundDelivery,http://sap.com/xi/AP/CustomerInvoicing/Global,CustomerInvoiceProcessingFulfillmentNotificationOut,MaintainOutboundDelivery,http://sap.com/xi/AP/LogisticsExecution/Global,OutboundDeliveryProcessingFulfilmentNotificationIn
SCM_FALCON047_2023,Serial number count is not equal to delivery quantity p.44378 position 50,"The serial number was not required for component HOTS00952 at the time of OTCS 10208002441 creation since SN profile was not mandatory, but it is mandatory now due to which message is failing. The message FA163E38030E1EDDA8CE1090CC5FC984 should be restarted after asking the Customer to change the Product SN profile back to Optional. Once message is delivered OD will also be cancelled which is expected.",Manual Action by Dev,No,nan,nan,nan,nan,nan,nan,nan,nan,nan,nan,nan,nan,nan,nan,nan,nan,nan,nan,nan,nan,nan,nan
SCM_FALCON998,nan,Memory utilization ,Memory Utilization,No,nan,nan,nan,nan,nan,nan,nan,nan,nan,nan,nan,nan,nan,nan,nan,nan,nan,nan,nan,nan,nan,nan
SCM_FALCON998,FSI reload,Memory utilization ,Memory Utilization,No,nan,nan,nan,nan,nan,nan,nan,nan,nan,nan,nan,nan,nan,nan,nan,nan,nan,nan,nan,nan,nan,nan
SCM_FALCON998,High response time and memory utilisation for program APDL_OUTBOUND_DELIVERY from clien,Memory utilization ,Memory Utilization,No,nan,nan,nan,nan,nan,nan,nan,nan,nan,nan,nan,nan,nan,nan,nan,nan,nan,nan,nan,nan,nan,nan
SCM_FALCON998, High response time and cpu utilisation for program MRP_RUN from client,Memory utilization ,Memory Utilization,No,nan,nan,nan,nan,nan,nan,nan,nan,nan,nan,nan,nan,nan,nan,nan,nan,nan,nan,nan,nan,nan,nan
SCM_FALCON998,3PL_OD_SO_8,Memory utilization ,Memory Utilization,No,nan,nan,nan,nan,nan,nan,nan,nan,nan,nan,nan,nan,nan,nan,nan,nan,nan,nan,nan,nan,nan,nan
SCM_FALCON998,high number of calls causing high memory utilization due to program APDL_OUTBOUND_DELIVERY from clien,Memory utilization ,Memory Utilization,No,nan,nan,nan,nan,nan,nan,nan,nan,nan,nan,nan,nan,nan,nan,nan,nan,nan,nan,nan,nan,nan,nan
SCM_FALCON998,"high memory utilization due to program ""PRODUCTION_ORDER"" from",Memory utilization ,Memory Utilization,No,nan,nan,nan,nan,nan,nan,nan,nan,nan,nan,nan,nan,nan,nan,nan,nan,nan,nan,nan,nan,nan,nan
SCM_FALCON998,No message id,Memory utilization ,Memory Utilization,No,nan,nan,nan,nan,nan,nan,nan,nan,nan,nan,nan,nan,nan,nan,nan,nan,nan,nan,nan,nan,nan,nan
SCM_FALCON998,No message id,Memory utilization ,Memory Utilization,No,"154
",nan,P,AP_OUTBOUND_DELIVERY_PC_PRX,CL_SPAF_INB_PROXY_ADAPTER=====CM004,CL_SPAF_INB_PROXY_ADAPTER=====CP,AP_PAF_TOOLS_BTM,000,2022-08-09,Manual Retry,Operation not possible; business document locked,AP-ODP,AP_PAF_TOOLS_BTM,I_APDL_OUTB_DL_PRC_FLF_NTF_IN,nan,CustomerInvoiceProcessing,NotifyOfFulfillmentOfOutboundDelivery,http://sap.com/xi/AP/CustomerInvoicing/Global,CustomerInvoiceProcessingFulfillmentNotificationOut,MaintainOutboundDelivery,http://sap.com/xi/AP/LogisticsExecution/Global,OutboundDeliveryProcessingFulfilmentNotificationIn
SCM_FALCON999,nan,Self Healed by HC engine,Self Healed,No,nan,nan,nan,nan,nan,nan,nan,nan,nan,nan,nan,nan,nan,nan,nan,nan,nan,nan,nan,nan,nan,nan
SCM_FALCON999,Self Healed tickets,Self Healed by HC engine,Self Healed,No,0,nan,P,AP_EXT_PROC_TRIG_RESP_SVR_PRX,nan,SAPMSSY1,/BOPF/FRW,032,2023-04-05,nan,App. Error:Failed modification on EXTERNAL_REQUEST_ITEM was not handled. Error was:,AP-EPT,/BOPF/FRW,I_EPTR_PURCHASING_IN,nan,PurchaseRequestProcessing,ConfirmPurchaseRequest,http://sap.com/xi/AP/Purchasing/Global,PurchaseRequestProcessingPurchasingOut,ChangePurchaseRequisitionBasedOnPurchaseRequest,http://sap.com/xi/AP/SupplyChainControl/Global,ExternalProcurementTriggerAndResponsePurchasingIn
SCM_FALCON999,Self Healed tickets,Self Healed by HC engine,Self Healed,No,864,nan,P,AP_DELIVERY_BOPF_CONTENT_CMN,CL_APDL_A_REQ_DLV_EXEC_IN_BG==CM001,CL_APDL_A_REQ_DLV_EXEC_IN_BG==CP,SRT_CORE,131,2023-04-04,nan,"Source type \CLASS=CM_APINV_MESSAGE_LIMA is not compatible, for the purposes of assignment, with target type \CLASS=CM_ESI_T100",AP-XPS-DLP,SRT_CORE,I_APDL_OUTB_DEL_PROC_FULF_IN,nan,LogisticsExecutionControl,RequestDeliveryFulfilment,http://sap.com/xi/AP/SupplyChainControl/Global,LogisticsExecutionControlFulfilmentOut,MaintainOutboundDeliveryRequest,http://sap.com/xi/AP/LogisticsExecution/Global,OutboundDeliveryProcessingFulfilmentIn
SCM_FALCON999,Self Healed tickets,Self Healed by HC engine,Self Healed,No,219,nan,P,AP_SDM_INBOUND,CL_SDM_INBOUND================CM00C,CL_SDM_INBOUND================CP,SRT_CORE,131,2023-03-30,nan,Overflow converting from '10804032254745168.00000000000000',AP-SDM,SRT_CORE,I_APLC_LOG_EXEC_CTR_FULF_IN,nan,InboundDeliveryProcessing,NotifyPlanningOfDeliveryRequestConfirmationReconciliation,http://sap.com/xi/AP/LogisticsExecution/Global,InboundDeliveryProcessingFulfilmentOut,ChangeBasedOnDeliveryFulfilmentConfirmationReconciliationNotification,http://sap.com/xi/AP/SupplyChainControl/Global,LogisticsExecutionControlFulfilmentIn
SCM_FALCON999,Self Healed tickets,Self Healed by HC engine,Self Healed,No,31,nan,M,AP_RC_PROCESS_AGENT_TOOLS,MAP_BO_INFO,CL_AP_PROCESS_AGENT_BO_INFO,SRT_CORE,131,2023-04-02,nan,Please see Application Info section in the dump for more details.,AP-RC-GEN-PAT,SRT_CORE,I_APLC_LOG_EXEC_CTR_FULF_IN,nan,InboundDeliveryProcessing,NotifyPlanningOfDeliveryRequestConfirmationReconciliation,http://sap.com/xi/AP/LogisticsExecution/Global,InboundDeliveryProcessingFulfilmentOut,ChangeBasedOnDeliveryFulfilmentConfirmationReconciliationNotification,http://sap.com/xi/AP/SupplyChainControl/Global,LogisticsExecutionControlFulfilmentIn
SCM_FALCON999,Self Healed tickets,Self Healed by HC engine,Self Healed,No,31,nan,M,AP_RC_PROCESS_AGENT_TOOLS,MAP_BO_INFO,CL_AP_PROCESS_AGENT_BO_INFO,SRT_CORE,131,2023-03-30,nan,Please see Application Info section in the dump for more details.,AP-RC-GEN-PAT,SRT_CORE,I_APLC_LOG_EXEC_CTR_FULF_IN,nan,InboundDeliveryProcessing,NotifyPlanningOfDeliveryRequestConfirmationReconciliation,http://sap.com/xi/AP/LogisticsExecution/Global,InboundDeliveryProcessingFulfilmentOut,ChangeBasedOnDeliveryFulfilmentConfirmationReconciliationNotification,http://sap.com/xi/AP/SupplyChainControl/Global,LogisticsExecutionControlFulfilmentIn
SCM_FALCON999,Self Healed tickets,Self Healed by HC engine,Self Healed,No,"31
",nan,M,AP_RC_PROCESS_AGENT_TOOLS,MAP_BO_INFO,CL_AP_PROCESS_AGENT_BO_INFO,SRT_CORE,131,2023-03-19,nan,Please see Application Info section in the dump for more details.,AP-RC-GEN-PAT,SRT_CORE,I_APLC_LOG_EXEC_CTR_FULF_IN,nan,InboundDeliveryProcessing,NotifyPlanningOfDeliveryRequestConfirmationReconciliation,http://sap.com/xi/AP/LogisticsExecution/Global,InboundDeliveryProcessingFulfilmentOut,ChangeBasedOnDeliveryFulfilmentConfirmationReconciliationNotification,http://sap.com/xi/AP/SupplyChainControl/Global,LogisticsExecutionControlFulfilmentIn
SCM_FALCON999,Self Healed tickets,Self Healed by HC engine,Self Healed,No,0,nan,P,AP_EXT_PROC_TRIG_RESP_SVR_PRX,nan,SAPMSSY1,/BOPF/FRW,032,2023-03-20,nan,App. Error:Failed modification on EXTERNAL_REQUEST_ITEM was not handled. Error was:,AP-EPT,/BOPF/FRW,I_EPTR_PURCHASING_IN,nan,PurchaseRequestProcessing,ConfirmPurchaseRequest,http://sap.com/xi/AP/Purchasing/Global,PurchaseRequestProcessingPurchasingOut,ChangePurchaseRequisitionBasedOnPurchaseRequest,http://sap.com/xi/AP/SupplyChainControl/Global,ExternalProcurementTriggerAndResponsePurchasingIn
SCM_FALCON999,Self Healed tickets,Self Healed by HC engine,Self Healed,No,0,nan,P,AP_EXT_PROC_TRIG_RESP_SVR_PRX,nan,SAPMSSY1,/BOPF/FRW,032,2023-03-19,nan,App. Error:Failed modification on EXTERNAL_REQUEST_ITEM was not handled. Error was:,AP-EPT,/BOPF/FRW,I_EPTR_PURCHASING_IN,nan,PurchaseRequestProcessing,ConfirmPurchaseRequest,http://sap.com/xi/AP/Purchasing/Global,PurchaseRequestProcessingPurchasingOut,ChangePurchaseRequisitionBasedOnPurchaseRequest,http://sap.com/xi/AP/SupplyChainControl/Global,ExternalProcurementTriggerAndResponsePurchasingIn
SCM_FALCON999,Self Healed tickets,Self Healed by HC engine,Self Healed,No,nan,nan,nan,nan,nan,nan,nan,nan,nan,nan,nan,nan,nan,nan,nan,nan,nan,nan,nan,nan,nan,nan
SCM_FALCON999,Self Healed tickets,Self Healed by HC engine,Self Healed,No,"0
",nan,P,AP_EXT_PROC_TRIG_RESP_SVR_PRX,nan,SAPMSSY1,/BOPF/FRW,032,2023-03-14,nan,App. Error:Failed modification on EXTERNAL_REQUEST_ITEM was not handled. Error was:,AP-EPT,/BOPF/FRW,I_EPTR_PURCHASING_IN,nan,PurchaseRequestProcessing,ConfirmPurchaseRequest,http://sap.com/xi/AP/Purchasing/Global,PurchaseRequestProcessingPurchasingOut,ChangePurchaseRequisitionBasedOnPurchaseRequest,http://sap.com/xi/AP/SupplyChainControl/Global,ExternalProcurementTriggerAndResponsePurchasingIn
SCM_FALCON999,Self Healed tickets,Self Healed by HC engine,Self Healed,No,"0
",nan,P,AP_EXT_PROC_TRIG_RESP_SVR_PRX,nan,SAPMSSY1,/BOPF/FRW,032,2023-03-14,nan,App. Error:Failed modification on EXTERNAL_REQUEST_ITEM was not handled. Error was:,AP-EPT,/BOPF/FRW,I_EPTR_PURCHASING_IN,nan,PurchaseRequestProcessing,ConfirmPurchaseRequest,http://sap.com/xi/AP/Purchasing/Global,PurchaseRequestProcessingPurchasingOut,ChangePurchaseRequisitionBasedOnPurchaseRequest,http://sap.com/xi/AP/SupplyChainControl/Global,ExternalProcurementTriggerAndResponsePurchasingIn
SCM_FALCON999,Self Healed tickets,Self Healed by HC engine,Self Healed,No,0,nan,P,AP_EXT_PROC_TRIG_RESP_SVR_PRX,nan,SAPMSSY1,/BOPF/FRW,032,2023-03-14,nan,App. Error:Failed modification on EXTERNAL_REQUEST_ITEM was not handled. Error was:,AP-EPT,/BOPF/FRW,I_EPTR_PURCHASING_IN,nan,PurchaseRequestProcessing,ConfirmPurchaseRequest,http://sap.com/xi/AP/Purchasing/Global,PurchaseRequestProcessingPurchasingOut,ChangePurchaseRequisitionBasedOnPurchaseRequest,http://sap.com/xi/AP/SupplyChainControl/Global,ExternalProcurementTriggerAndResponsePurchasingIn
SCM_FALCON999,Self Healed tickets,Self Healed by HC engine,Self Healed,No,"2086
",nan,P,AP_PRODUCTION_PRX,IAPPEO_RT_IMP30,SAPLAPPEO_RT_CP_SYSTEM,APPEO_RT,000,2023-03-13,nan,Internal error in production order runtime environment,AP-PE,APPEO_RT,I_APPE_PRODUCING_IN_IB,nan,ProductionTriggerAndResponse,RequestProduction,http://sap.com/xi/AP/SupplyChainControl/Global,ProductionTriggerAndResponseProducingOut,MaintainProductionRequest,http://sap.com/xi/AP/LogisticsExecution/Global,ProductionProducingIn
SCM_FALCON999,Self Healed tickets,Self Healed by HC engine,Self Healed,No,"2086
",nan,P,AP_PRODUCTION_PRX,IAPPEO_RT_IMP30,SAPLAPPEO_RT_CP_SYSTEM,APPEO_RT,000,2023-03-12,nan,Internal error in production order runtime environment,AP-PE,APPEO_RT,I_APPE_PRODUCING_IN_IB,nan,ProductionTriggerAndResponse,RequestProduction,http://sap.com/xi/AP/SupplyChainControl/Global,ProductionTriggerAndResponseProducingOut,MaintainProductionRequest,http://sap.com/xi/AP/LogisticsExecution/Global,ProductionProducingIn
SCM_FALCON999,Self Healed tickets,Self Healed by HC engine,Self Healed,No,2086,nan,P,AP_PRODUCTION_PRX,IAPPEO_RT_IMP30,SAPLAPPEO_RT_CP_SYSTEM,APPEO_RT,000,2023-03-12,nan,Internal error in production order runtime environment,AP-PE,APPEO_RT,I_APPE_PRODUCING_IN_IB,nan,ProductionTriggerAndResponse,RequestProduction,http://sap.com/xi/AP/SupplyChainControl/Global,ProductionTriggerAndResponseProducingOut,MaintainProductionRequest,http://sap.com/xi/AP/LogisticsExecution/Global,ProductionProducingIn
SCM_FALCON999,Self Healed tickets,Self Healed by HC engine,Self Healed,No,"0
",nan,P,AP_EXT_PROC_TRIG_RESP_SVR_PRX,nan,SAPMSSY1,/BOPF/FRW,032,2023-03-08,nan,App. Error:Failed modification on EXTERNAL_REQUEST_ITEM was not handled. Error was:,AP-EPT,/BOPF/FRW,I_EPTR_PURCHASING_IN,nan,PurchaseRequestProcessing,ConfirmPurchaseRequest,http://sap.com/xi/AP/Purchasing/Global,PurchaseRequestProcessingPurchasingOut,ChangePurchaseRequisitionBasedOnPurchaseRequest,http://sap.com/xi/AP/SupplyChainControl/Global,ExternalProcurementTriggerAndResponsePurchasingIn
SCM_FALCON999,Self Healed tickets,Self Healed by HC engine,Self Healed,No,nan,nan,nan,nan,nan,nan,nan,nan,nan,nan,nan,nan,nan,nan,nan,nan,nan,nan,nan,nan,nan,nan
