Index,Solution Key,Error Information,Source Line Number,Remote IP Address,Program/Method/Function Module,Package,Name of Method or Function Module,Name of Class or Program,Message Area,Message number,Expiry Date,Error Subcategory,Error Short Text,Application component ID,Application Area,ABAP Name of Consumer or Server Proxy,Error Log Information,Sender party,Sender interface operation,Sender interface namespace,Sender interface name,Receiver interface operation,Receiver interface namespace,Receiver interface name
1,SCM_FALCON001_2022,"['able', 'CM_AP_PROCESS_AGENT_TOOLS', 'CM_SPAF_AGENT_TASK_ROOT', 'create', 'Error', 'message', 'must', 'subclass', 'task']",150,nan,P,AP_DP_DELDESADVNOTIF_PRX,CL_SPAF_INB_PROXY_ADAPTER=====CM004,CL_SPAF_INB_PROXY_ADAPTER=====CP,AP_PAF_HELPER_TOOLS,000,2023-03-05,[],"['An', 'error', 'occurred', 'process', 'save']",AP-ODP,AP_PAF_HELPER_TOOLS,I_APDL_IDE_PROC_DEL_NOTI_IN,[],OutboundDeliveryProcessing,NotifyOfOutboundDelivery,http://sap.com/xi/AP/LogisticsExecution/Global,OutboundDeliveryProcessingDeliveryNotificationOut,MaintainInboundDelivery,http://sap.com/xi/AP/LogisticsExecution/Global,InboundDeliveryProcessingDeliveryNotificationIn
2,SCM_FALCON002_2022,"['account', 'date', 'User', 'validity']",0,nan,nan,nan,nan,nan,SRT_HC,007,0000-00-00,[],"['Application', 'Commit', 'Error', 'execution', 'Work']",nan,SRT_HC,nan,[],LogisticsExecutionControl,RequestDeliveryFulfilment,http://sap.com/xi/AP/SupplyChainControl/Global,LogisticsExecutionControlFulfilmentOut,MaintainInboundDeliveryRequest,http://sap.com/xi/AP/LogisticsExecution/Global,InboundDeliveryProcessingFulfilmentIn
3,SCM_FALCON003_2022,"['-', '.', '>', 'al', 'bloqueado', 'Informar', 'responsable', 'Usuario']",0,nan,nan,nan,nan,nan,SRT_HC,007,0000-00-00,[],"['Application', 'Commit', 'Error', 'execution', 'Work']",nan,SRT_HC,nan,[],OutboundDeliveryProcessing,NotifyOfOutboundDelivery,http://sap.com/xi/AP/LogisticsExecution/Global,OutboundDeliveryProcessingDeliveryNotificationOut,MaintainInboundDelivery,http://sap.com/xi/AP/LogisticsExecution/Global,InboundDeliveryProcessingDeliveryNotificationIn
4,SCM_FALCON004_2022,"['able', 'CM_AP_PROCESS_AGENT_TOOLS', 'CM_SPAF_AGENT_TASK_ROOT', 'create', 'Error', 'message', 'must', 'subclass', 'task']",150,nan,P,AP_DP_DELDESADVNOTIF_PRX,CL_SPAF_INB_PROXY_ADAPTER=====CM004,CL_SPAF_INB_PROXY_ADAPTER=====CP,AP_PAF_HELPER_TOOLS,000,2023-03-28,[],"['An', 'error', 'occurred', 'process', 'save']",AP-ODP,AP_PAF_HELPER_TOOLS,I_APDL_IDE_PROC_DEL_NOTI_IN,[],nan,MaintainInboundDelivery,http://sap.com/xi/AP/LogisticsExecution/Global,InboundDeliveryProcessingDeliveryNotificationIn,MaintainInboundDelivery,http://sap.com/xi/AP/LogisticsExecution/Global,InboundDeliveryProcessingDeliveryNotificationIn
5,SCM_FALCON005_2022,"['able', 'CM_APDL_VALIDATION', 'CM_SPAF_AGENT_TASK_ROOT', 'create', 'Error', 'message', 'must', 'subclass', 'task']",0,nan,P,AP_DP_DELDESADVNOTIF_PRX,nan,SAPMSSY1,AP_ESI_COMMON,107,2023-03-31,[],"[';', 'Changing', 'data', 'possible', 'read-only']",AP-ODP,AP_ESI_COMMON,I_APDL_IDE_PROC_DEL_NOTI_IN,[],OutboundDeliveryProcessing,NotifyOfOutboundDelivery,http://sap.com/xi/AP/LogisticsExecution/Global,OutboundDeliveryProcessingDeliveryNotificationOut,MaintainInboundDelivery,http://sap.com/xi/AP/LogisticsExecution/Global,InboundDeliveryProcessingDeliveryNotificationIn
6,SCM_FALCON006_2022,"['able', 'CM_APDL_DDAN_MO', 'CM_SPAF_AGENT_TASK_ROOT', 'create', 'Error', 'message', 'must', 'subclass', 'task']",150,nan,P,AP_DP_DELDESADVNOTIF_PRX,CL_SPAF_INB_PROXY_ADAPTER=====CM004,CL_SPAF_INB_PROXY_ADAPTER=====CP,APDL_MO_I,036,2022-01-30,[],"['counter', 'period', 'Reconciliation', 'valid', 'value']",AP-ODP,APDL_MO_I,I_APDL_IDE_PROC_DEL_NOTI_IN,[],OutboundDeliveryProcessing,NotifyOfOutboundDelivery,http://sap.com/xi/AP/LogisticsExecution/Global,OutboundDeliveryProcessingDeliveryNotificationOut,MaintainInboundDelivery,http://sap.com/xi/AP/LogisticsExecution/Global,InboundDeliveryProcessingDeliveryNotificationIn
7,SCM_FALCON007_2022,nan,nan,nan,nan,nan,nan,nan,nan,nan,nan,nan,nan,nan,nan,nan,nan,nan,nan,nan,nan,nan,nan,nan
8,SCM_FALCON008_2022,['不允许将行添加到采购建议'],0,nan,nan,nan,nan,nan,SRT_HC,007,0000-00-00,[],"['Application', 'Commit', 'Error', 'execution', 'Work']",nan,SRT_HC,nan,[],PurchaseRequestProcessing,ConfirmPurchaseRequest,http://sap.com/xi/AP/Purchasing/Global,PurchaseRequestProcessingPurchasingOut,ChangePurchaseRequisitionBasedOnPurchaseRequest,http://sap.com/xi/AP/SupplyChainControl/Global,ExternalProcurementTriggerAndResponsePurchasingIn
9,SCM_FALCON009_2022,"['able', 'CM_EPTR_BOPF', 'CM_SPAF_AGENT_TASK_ROOT', 'create', 'Error', 'message', 'must', 'subclass', 'task']",150,nan,P,AP_EXT_PROC_TRIG_RESP_SVR_PRX,CL_SPAF_INB_PROXY_ADAPTER=====CM004,CL_SPAF_INB_PROXY_ADAPTER=====CP,EPTR_GENERAL,105,2023-02-21,[],"['00000000000000000000000000000002285', 'Customer', 'item', 'missing', 'purchase', 'reference', 'requisition']",AP-EPT,EPTR_GENERAL,I_EPTR_ORDERING_NOTIF_IN,[],PurchaseOrderProcessing,NotifyOfPurchaseOrder,http://sap.com/xi/AP/Purchasing/Global,PurchaseOrderProcessingOrderingNotificationOut,MaintainPlanningViewOfPurchaseOrder,http://sap.com/xi/AP/SupplyChainControl/Global,ExternalProcurementTriggerAndResponseOrderingNotificationIn
10,SCM_FALCON010_2022,"['able', 'CM_EPPO', 'CM_SPAF_AGENT_TASK_ROOT', 'create', 'Error', 'message', 'must', 'subclass', 'task']",0,nan,nan,nan,nan,nan,SRT_HC,007,0000-00-00,[],"['Application', 'Commit', 'Error', 'execution', 'Work']",nan,SRT_HC,nan,[],PurchaseOrderProcessing,NotifyOfPurchaseOrder,http://sap.com/xi/AP/Purchasing/Global,PurchaseOrderProcessingOrderingNotificationOut,MaintainPlanningViewOfPurchaseOrder,http://sap.com/xi/AP/SupplyChainControl/Global,ExternalProcurementTriggerAndResponseOrderingNotificationIn
11,SCM_FALCON011_2022,"['.', 'Application', 'details', 'dump', 'Info', 'Please', 'section', 'see']",nan,nan,nan,nan,nan,nan,SRT_HC,007,0000-00-00,[],"['Application', 'Commit', 'Error', 'execution', 'Work']",nan,SRT_HC,nan,[],PurchaseOrderProcessing,NotifyOfPurchaseOrder,http://sap.com/xi/AP/Purchasing/Global,PurchaseOrderProcessingOrderingNotificationOut,MaintainPlanningViewOfPurchaseOrder,http://sap.com/xi/AP/SupplyChainControl/Global,ExternalProcurementTriggerAndResponseOrderingNotificationIn
12,SCM_FALCON012_2022,"[',', '.', 'CM_EPTR_BOPF', 'CM_SPAF_AGENT_TASK_ROOT', 'erzeugen', 'Fehlermeldung', 'können', 'muss', 'sein', 'Subklasse', 'Task', 'um', 'von', 'zu']",150,nan,P,AP_EXT_PROC_TRIG_RESP_SVR_PRX,CL_SPAF_INB_PROXY_ADAPTER=====CM004,CL_SPAF_INB_PROXY_ADAPTER=====CP,EPTR_GENERAL,074,2022-06-06,[],"['(', ')', ',', '.', '00000000000000000000000000000064793', '0000000001', 'Beschaffungsplanungsauftrag', 'bestellten', 'fehlt', 'für', 'Pos', 'Referenz']",AP-EPT,EPTR_GENERAL,I_EPTR_ORDERING_NOTIF_IN,[],PurchaseOrderProcessing,NotifyOfPurchaseOrder,http://sap.com/xi/AP/Purchasing/Global,PurchaseOrderProcessingOrderingNotificationOut,MaintainPlanningViewOfPurchaseOrder,http://sap.com/xi/AP/SupplyChainControl/Global,ExternalProcurementTriggerAndResponseOrderingNotificationIn
13,SCM_FALCON013_2022,"[',', '.', 'CM_APLEX_CHECK_VALID_DATE_TIME', 'CM_SPAF_AGENT_TASK_ROOT', 'erzeugen', 'Fehlermeldung', 'können', 'muss', 'sein', 'Subklasse', 'Task', 'um', 'von', 'zu']",150,nan,P,AP_PRODUCTION_PRX,CL_SPAF_INB_PROXY_ADAPTER=====CM004,CL_SPAF_INB_PROXY_ADAPTER=====CP,APLEX_DATETIME_MSG,001,2022-08-28,[],"['.', '02/27/2022에', '것이', '수', '없습니다', '있습니다', '전기하는', '차단되어', '확정할', '회계에서']",AP-PE,APLEX_DATETIME_MSG,I_APPE_PRODUCING_IN_IB,[],ProductionTriggerAndResponse,RequestProduction,http://sap.com/xi/AP/SupplyChainControl/Global,ProductionTriggerAndResponseProducingOut,MaintainProductionRequest,http://sap.com/xi/AP/LogisticsExecution/Global,ProductionProducingIn
14,SCM_FALCON014_2022,"['.', 'already', 'delivery', 'exists', 'external', 'ID', 'item', 'The']",154,nan,P,AP_DP_OUTDELEXECCONF_PRX,CL_SPAF_INB_PROXY_ADAPTER=====CM004,CL_SPAF_INB_PROXY_ADAPTER=====CP,APDL_ODE_VAL,062,2021-12-19,"['Manual', 'Retry']","['.', 'already', 'delivery', 'exists', 'external', 'ID', 'item', 'The']",AP-XPS-DLP,APDL_ODE_VAL,I_APDL_OUTB_DEL_EXEC_IN,[],nan,nan,nan,nan,ProcessOutboundDeliveryExecutionConfirmation,http://sap.com/xi/AP/LogisticsExecution/Global,OutboundDeliveryExecutionIn
15,SCM_FALCON015_2022,"['(', ')', ',', '1', '2', '8', '965', ':', 'DeliveryQuant', 'exception', 'glob', 'InboundDeliveryExecution', 'InboundDeliveryExecutionConfirmation', 'Item', 'offset', 'XPath', 'XSLT']",24,nan,P,SXML_PARTS,/1SAI/SASEEBCC8AAE137D062EE45=XT,/1SAI/SASEEBCC8AAE137D062EE45=XT,SRT_CORE,143,2022-03-07,[],"['3', ':', '``', 'length', 'LENGTH', 'longer', 'maximum', 'permitted', 'Value']",BC-DWB-PRX,SRT_CORE,I_APDL_INB_DELIVERY_EXEC_IN,[],nan,nan,nan,nan,ProcessInboundDeliveryExecutionConfirmation,http://sap.com/xi/AP/LogisticsExecution/Global,InboundDeliveryExecutionIn
16,SCM_FALCON016_2022,"[',', '.', 'CM_APC_BDMSG_HEADER', 'CM_SPAF_AGENT_TASK_ROOT', 'erzeugen', 'Fehlermeldung', 'können', 'muss', 'sein', 'Subklasse', 'Task', 'um', 'von', 'zu']",150,nan,P,AP_DP_OUTDELEXECCONF_PRX,CL_SPAF_INB_PROXY_ADAPTER=====CM004,CL_SPAF_INB_PROXY_ADAPTER=====CP,AP_PAF_HELPER_TOOLS,020,2022-02-16,[],"['4101740000020', '9', 'Beteiligter', 'Unbekannter']",AP-XPS-DLP,AP_PAF_HELPER_TOOLS,I_APDL_OUTB_DEL_EXEC_IN,[],nan,nan,nan,nan,ProcessOutboundDeliveryExecutionConfirmation,http://sap.com/xi/AP/LogisticsExecution/Global,OutboundDeliveryExecutionIn
17,SCM_FALCON017_2022,"['.', 'Application', 'details', 'dump', 'Info', 'Please', 'section', 'see']",0,nan,nan,nan,nan,nan,SRT_HC,007,0000-00-00,[],"['Application', 'Commit', 'Error', 'execution', 'Work']",nan,SRT_HC,nan,[],ProductionTriggerAndResponse,RequestProduction,http://sap.com/xi/AP/SupplyChainControl/Global,ProductionTriggerAndResponseProducingOut,MaintainProductionRequest,http://sap.com/xi/AP/LogisticsExecution/Global,ProductionProducingIn
18,SCM_FALCON018_2022,"['31.08.2022', ';', 'Buchung', 'durch', 'gesperrt', 'möglich', 'nicht', 'Rechnungswesen', 'Rückmeldung']",154,nan,P,AP_OUTBOUND_DELIVERY_PC_PRX,CL_SPAF_INB_PROXY_ADAPTER=====CM004,CL_SPAF_INB_PROXY_ADAPTER=====CP,APLEX_DATETIME_MSG,001,2023-03-19,"['Manual', 'Retry']","['31.08.2022', ';', 'Buchung', 'durch', 'gesperrt', 'möglich', 'nicht', 'Rechnungswesen', 'Rückmeldung']",AP-ODP,APLEX_DATETIME_MSG,I_APDL_OUTB_DL_PRC_FLF_NTF_IN,[],CustomerInvoiceProcessing,NotifyOfFulfillmentOfOutboundDelivery,http://sap.com/xi/AP/CustomerInvoicing/Global,CustomerInvoiceProcessingFulfillmentNotificationOut,MaintainOutboundDelivery,http://sap.com/xi/AP/LogisticsExecution/Global,OutboundDeliveryProcessingFulfilmentNotificationIn
19,SCM_FALCON019_2022,nan,nan,nan,nan,nan,nan,nan,nan,nan,nan,nan,nan,nan,nan,nan,nan,nan,nan,nan,nan,nan,nan,nan
20,SCM_FALCON020_2022,nan,nan,nan,nan,nan,nan,nan,nan,nan,nan,nan,nan,nan,nan,nan,nan,nan,nan,nan,nan,nan,nan,nan
21,SCM_FALCON021_2022,"['50', 'item', 'lines', 'present', 'Schedule']",154,nan,P,AP_DP_DELREQFULREQ_PRX,CL_SPAF_INB_PROXY_ADAPTER=====CM004,CL_SPAF_INB_PROXY_ADAPTER=====CP,APDL_MO_I,055,2023-03-06,"['Manual', 'Retry']","['50', 'item', 'lines', 'present', 'Schedule']",AP-XPS-DLP,APDL_MO_I,I_APDL_OUTB_DEL_PROC_FULF_IN,[],LogisticsExecutionControl,RequestDeliveryFulfilment,http://sap.com/xi/AP/SupplyChainControl/Global,LogisticsExecutionControlFulfilmentOut,MaintainOutboundDeliveryRequest,http://sap.com/xi/AP/LogisticsExecution/Global,OutboundDeliveryProcessingFulfilmentIn
22,SCM_FALCON022_2022,nan,nan,nan,nan,nan,nan,nan,nan,nan,nan,nan,nan,nan,nan,nan,nan,nan,nan,nan,nan,nan,nan,nan
23,SCM_FALCON023_2022,"['000001', '6476', 'Material', 'missing', 'output', 'production', 'requisition']",154,nan,P,AP_PRD_TRIGGER_RESPONSE_PRX,CL_SPAF_INB_PROXY_ADAPTER=====CM004,CL_SPAF_INB_PROXY_ADAPTER=====CP,APPTR_MAINTAIN_PRN,202,2023-03-22,"['Manual', 'Retry']","['000001', '6476', 'Material', 'missing', 'output', 'production', 'requisition']",AP-PTR,APPTR_MAINTAIN_PRN,I_APPTR_PRODUCING_IN_IB,[],Production,ConfirmProductionRequest,http://sap.com/xi/AP/LogisticsExecution/Global,ProductionProducingOut,ChangeProductionRequisitionBasedOnProductionRequestConfirmation,http://sap.com/xi/AP/SupplyChainControl/Global,ProductionTriggerAndResponseProducingIn
24,SCM_FALCON024_2022,nan,nan,nan,nan,nan,nan,nan,nan,nan,nan,nan,nan,nan,nan,nan,nan,nan,nan,nan,nan,nan,nan,nan
25,SCM_FALCON025_2022,nan,nan,nan,nan,nan,nan,nan,nan,nan,nan,nan,nan,nan,nan,nan,nan,nan,nan,nan,nan,nan,nan,nan
26,SCM_FALCON026_2022,nan,nan,nan,nan,nan,nan,nan,nan,nan,nan,nan,nan,nan,nan,nan,nan,nan,nan,nan,nan,nan,nan,nan
27,SCM_FALCON027_2022,"['013', ';', 'error', 'incident', 'PVOI', 'report', 'Technical']",154,nan,P,AP_SDM_MAINTAIN_PVOI_PRX,CL_SPAF_INB_PROXY_ADAPTER=====CM004,CL_SPAF_INB_PROXY_ADAPTER=====CP,PVOI,013,2023-02-26,"['Manual', 'Retry']","['013', ';', 'error', 'incident', 'PVOI', 'report', 'Technical']",AP-SDM,PVOI,I_PVOI_RECON_NOTIFICATION,[],InventoryProcessing,NotifyPlanningOfInventoryReconciliation,http://sap.com/xi/AP/LogisticsExecution/Global,InventoryProcessingInventoryReconciliationOut,MaintainPlanningViewOfInventoryBasedOnInventoryReconciliation,http://sap.com/xi/AP/SupplyChainControl/Global,SupplyAndDemandMatchingInventoryReconciliationIn
28,SCM_FALCON028_2022,nan,nan,nan,nan,nan,nan,nan,nan,nan,nan,nan,nan,nan,nan,nan,nan,nan,nan,nan,nan,nan,nan,nan
29,SCM_FALCON029_2022,"['.', 'locked', 'notify', 'person', 'Please', 'responsible', 'User']",154,nan,P,AP_DP_DELREQFULREQ_PRX,CL_SPAF_INB_PROXY_ADAPTER=====CM004,CL_SPAF_INB_PROXY_ADAPTER=====CP,APDL_MO_TASK,004,2023-02-06,"['Manual', 'Retry']","['(', ')', '.', '54513', ';', 'APX-000287', 'Chandrashekar', 'locked', 'Maisaiah', 'Operation', 'order', 'possible', 'Pulluri', 'purchase']",AP-XPS-DLP,APDL_MO_TASK,I_APDL_INB_DEL_PROC_FULF_IN,[],LogisticsExecutionControl,RequestDeliveryFulfilment,http://sap.com/xi/AP/SupplyChainControl/Global,LogisticsExecutionControlFulfilmentOut,MaintainInboundDeliveryRequest,http://sap.com/xi/AP/LogisticsExecution/Global,InboundDeliveryProcessingFulfilmentIn
30,SCM_FALCON030_2022,"['(', ')', 'bloqué', 'informez', 'le', 'responsable', 'Utilisateur']",154,nan,P,AP_DP_DELREQFULREQ_PRX,CL_SPAF_INB_PROXY_ADAPTER=====CM004,CL_SPAF_INB_PROXY_ADAPTER=====CP,LSC_VAL,051,2023-01-10,"['Manual', 'Retry']","['article', 'autorisé', 'avec', 'de', 'document', 'livraison', 'non', 'Poste', 'retour', 'Réception', 'référence', 'Type', 'type']",AP-XPS-DLP,LSC_VAL,I_APDL_OUTB_DEL_PROC_FULF_IN,[],ReturnToSupplier,RequestReturnDeliveryToSupplier,http://sap.com/xi/AP/Purchasing/Global,ReturnToSupplierFulfilmentOut,MaintainOutboundDeliveryRequest,http://sap.com/xi/AP/LogisticsExecution/Global,OutboundDeliveryProcessingFulfilmentIn
31,SCM_FALCON031_2023,"['(', ')', 'Benutzer', 'gesperrt', 'ist', 'Verantwortlichen', 'verständigen']",0,nan,nan,nan,nan,nan,SRT_HC,007,0000-00-00,[],"['Application', 'Commit', 'Error', 'execution', 'Work']",nan,SRT_HC,nan,[],OutboundDeliveryProcessing,NotifyOfOutboundDelivery,http://sap.com/xi/AP/LogisticsExecution/Global,OutboundDeliveryProcessingDeliveryNotificationOut,MaintainInboundDelivery,http://sap.com/xi/AP/LogisticsExecution/Global,InboundDeliveryProcessingDeliveryNotificationIn
32,SCM_FALCON032_2023,"[';', 'Changing', 'data', 'possible', 'read-only']",154,nan,P,AP_OUTBOUND_DELIVERY,CL_SPAF_INB_PROXY_ADAPTER=====CM004,CL_SPAF_INB_PROXY_ADAPTER=====CP,AP_ESI_COMMON,107,2023-03-19,"['Manual', 'Retry']","[';', 'Changing', 'data', 'possible', 'read-only']",AP-ODP-OD,AP_ESI_COMMON,I_APDL_CONSIGN_PRC_FLF_NTF_IN,[],SalesOrderProcessing,NotifyOfSalesOrderConsignmentIssue,http://sap.com/xi/AP/CRM/Global,ConsignmentIssueFulfilmentNotificationOut,MaintainConsignmentIssue,http://sap.com/xi/AP/LogisticsExecution/Global,ConsignmentIssueProcessingFulfilmentNotificationIn
33,SCM_FALCON033_2023,"['able', 'CM_LSC_VALIDATION', 'CM_SPAF_AGENT_TASK_ROOT', 'create', 'Error', 'message', 'must', 'subclass', 'task']",150,nan,P,AP_EXT_PROC_TRIG_RESP_SVR_PRX,CL_SPAF_INB_PROXY_ADAPTER=====CM004,CL_SPAF_INB_PROXY_ADAPTER=====CP,LSC_VAL,041,2023-03-23,[],"['measure', 'missing', 'Unit']",AP-EPT,LSC_VAL,I_EPTR_ORDERING_NOTIF_IN,[],PurchaseOrderProcessing,NotifyOfPurchaseOrder,http://sap.com/xi/AP/Purchasing/Global,PurchaseOrderProcessingOrderingNotificationOut,MaintainPlanningViewOfPurchaseOrder,http://sap.com/xi/AP/SupplyChainControl/Global,ExternalProcurementTriggerAndResponseOrderingNotificationIn
34,SCM_FALCON034_2023,"['counter', 'period', 'Reconciliation', 'valid', 'value']",154,nan,P,AP_DP_DELREQFULREQ_PRX,CL_SPAF_INB_PROXY_ADAPTER=====CM004,CL_SPAF_INB_PROXY_ADAPTER=====CP,APDL_MO_I,036,2023-03-20,"['Manual', 'Retry']","['counter', 'period', 'Reconciliation', 'valid', 'value']",AP-XPS-DLP,APDL_MO_I,I_APDL_OUTB_DEL_PROC_FULF_IN,[],CustomerReturnProcessing,Request,http://sap.com/xi/AP/CRM/Global,CustomerReturnProcessingFulfilmentOut,MaintainOutboundDeliveryRequest,http://sap.com/xi/AP/LogisticsExecution/Global,OutboundDeliveryProcessingFulfilmentIn
35,SCM_FALCON035_2023,"['NULL', '.', 'access', 'data', 'No', 'possible', 'reference', 'via']",0,nan,nan,nan,nan,nan,SRT_HC,007,0000-00-00,[],"['Application', 'Commit', 'Error', 'execution', 'Work']",nan,SRT_HC,nan,[],SalesOrderProcessing,NotifyOfSalesOrderConsignmentIssue,http://sap.com/xi/AP/CRM/Global,ConsignmentIssueFulfilmentNotificationOut,MaintainConsignmentIssue,http://sap.com/xi/AP/LogisticsExecution/Global,ConsignmentIssueProcessingFulfilmentNotificationIn
36,SCM_FALCON036_2023,"['(', ')', '920', 'Beverage', 'Carolina', 'exist', 'Party', 'role', 'valid']",0,nan,nan,nan,nan,nan,SRT_HC,007,0000-00-00,[],"['Application', 'Commit', 'Error', 'execution', 'Work']",nan,SRT_HC,nan,[],OutboundDeliveryProcessing,ConfirmFulfilment,http://sap.com/xi/AP/LogisticsExecution/Global,OutboundDeliveryProcessingFulfilmentOut,ChangeLogisticsExecutionRequisitionBasedOnDeliveryFulfilmentConfirmation,http://sap.com/xi/AP/SupplyChainControl/Global,LogisticsExecutionControlFulfilmentIn
37,SCM_FALCON037_2023,"['(', ')', 'bloqué', 'informez', 'le', 'responsable', 'Utilisateur']",0,nan,nan,nan,nan,nan,SRT_HC,007,0000-00-00,[],"['Application', 'Commit', 'Error', 'execution', 'Work']",nan,SRT_HC,nan,[],Production,ConfirmProductionRequest,http://sap.com/xi/AP/LogisticsExecution/Global,ProductionProducingOut,ChangeProductionRequisitionBasedOnProductionRequestConfirmation,http://sap.com/xi/AP/SupplyChainControl/Global,ProductionTriggerAndResponseProducingIn
38,SCM_FALCON038_2023,"[';', 'aprobación', 'Cambios', 'de', 'el', 'en', 'está', 'pedido', 'permitidos', 'status']",0,nan,nan,nan,nan,nan,SRT_HC,007,0000-00-00,[],"['Application', 'Commit', 'Error', 'execution', 'Work']",nan,SRT_HC,nan,[],OutboundDeliveryProcessing,NotifyOfOutboundDelivery,http://sap.com/xi/AP/LogisticsExecution/Global,OutboundDeliveryProcessingDeliveryNotificationOut,MaintainInboundDelivery,http://sap.com/xi/AP/LogisticsExecution/Global,InboundDeliveryProcessingDeliveryNotificationIn
39,SCM_FALCON039_2023,"[ 'NULL', '.', 'access', 'data', 'No', 'possible', 'reference', 'via']",0,nan,nan,nan,nan,nan,SRT_HC,007,0000-00-00,[],"['Application', 'Commit', 'Error', 'execution', 'Work']",nan,SRT_HC,nan,[],CustomerInvoiceProcessing,NotifyOfFulfillmentOfOutboundDelivery,http://sap.com/xi/AP/CustomerInvoicing/Global,CustomerInvoiceProcessingFulfillmentNotificationOut,MaintainOutboundDelivery,http://sap.com/xi/AP/LogisticsExecution/Global,OutboundDeliveryProcessingFulfilmentNotificationIn
40,SCM_FALCON040_2023,"['000004', '已删除输入', '的数量必须为零']",154,nan,P,AP_PRD_TRIGGER_RESPONSE_PRX,CL_SPAF_INB_PROXY_ADAPTER=====CM004,CL_SPAF_INB_PROXY_ADAPTER=====CP,APPRN_BO_CRP,071,2023-02-27,"['Manual', 'Retry']","['000004', '已删除输入', '的数量必须为零']",AP-PTR,APPRN_BO_CRP,I_APPTR_PRODUCING_IN_IB,[],Production,ConfirmProductionRequest,http://sap.com/xi/AP/LogisticsExecution/Global,ProductionProducingOut,ChangeProductionRequisitionBasedOnProductionRequestConfirmation,http://sap.com/xi/AP/SupplyChainControl/Global,ProductionTriggerAndResponseProducingIn
41,SCM_FALCON041_2023,"['confirmation', 'document', 'item', 'line', 'missing', 'Reference', 'schedule']",0,nan,nan,nan,nan,nan,SRT_HC,007,0000-00-00,[],"['Application', 'Commit', 'Error', 'execution', 'Work']",nan,SRT_HC,nan,[],LogisticsExecutionControl,RequestDeliveryFulfilment,http://sap.com/xi/AP/SupplyChainControl/Global,LogisticsExecutionControlFulfilmentOut,MaintainOutboundDeliveryRequest,http://sap.com/xi/AP/LogisticsExecution/Global,OutboundDeliveryProcessingFulfilmentIn
42,SCM_FALCON042_2023,"['085', ';', 'AP_SPRQ_T100_MSG', 'error', 'incident', 'report', 'Technical']",49,nan,P,AP_CUSTOMER_REQ_PROC_PRX,/LCAP/LREQ_ORDERU01,/LCAP/SAPLREQ_ORDER,SRT_CORE,131,2023-02-01,"['Manual', 'Retry']","['An', 'exception', 'occurred']",AP-CR,SRT_CORE,I_APCRP_CR_FULFILLMENT_IB,[],SalesOrderProcessing,RequestProductCustomerRequirementReservationAndFulfillment,http://sap.com/xi/AP/CRM/Global,SalesOrderProcessingFulfillmentOut,MaintainCustomerRequirement,http://sap.com/xi/AP/SupplyChainControl/Global,CustomerRequirementProcessingFulfillmentIn
43,SCM_FALCON043_2023,[],nan,nan,nan,nan,nan,nan,nan,nan,nan,nan,nan,nan,nan,nan,nan,PurchaseRequestProcessing,ConfirmPurchaseRequest,http://sap.com/xi/AP/Purchasing/Global,PurchaseRequestProcessingPurchasingOut,ChangePurchaseRequisitionBasedOnPurchaseRequest,http://sap.com/xi/AP/SupplyChainControl/Global,ExternalProcurementTriggerAndResponsePurchasingIn
44,SCM_FALCON044_2023,"[',', '1-0.0SCA', '20', 'Belegzeile', 'für', 'inkonsistent', 'Menge', 'Paketprodukt', 'übergeordnete']",154,nan,P,AP_OUTBOUND_DELIVERY_PC_PRX,CL_SPAF_INB_PROXY_ADAPTER=====CM004,CL_SPAF_INB_PROXY_ADAPTER=====CP,APDL_VAL,190,2023-02-12,"['Manual', 'Retry']","[',', '1-0.0SCA', '20', 'Belegzeile', 'für', 'inkonsistent', 'Menge', 'Paketprodukt', 'übergeordnete']",AP-ODP,APDL_VAL,I_APDL_OUTB_DL_PRC_FLF_NTF_IN,[],CustomerInvoiceProcessing,NotifyOfFulfillmentOfOutboundDelivery,http://sap.com/xi/AP/CustomerInvoicing/Global,CustomerInvoiceProcessingFulfillmentNotificationOut,MaintainOutboundDelivery,http://sap.com/xi/AP/LogisticsExecution/Global,OutboundDeliveryProcessingFulfilmentNotificationIn
45,SCM_FALCON045_2023,"['account', 'date', 'User', 'validity']",0,nan,nan,nan,nan,nan,SRT_HC,007,0000-00-00,[],"['Application', 'Commit', 'Error', 'execution', 'Work']",nan,SRT_HC,nan,[],OutboundDeliveryProcessing,NotifyOfOutboundDelivery,http://sap.com/xi/AP/LogisticsExecution/Global,OutboundDeliveryProcessingDeliveryNotificationOut,MaintainInboundDelivery,http://sap.com/xi/AP/LogisticsExecution/Global,InboundDeliveryProcessingDeliveryNotificationIn
46,SCM_FALCON046_2023,"['.', '5278', 'already', 'An', 'delivery', 'Enter', 'exists', 'inbound', 'new', 'notifi', 'notification', 'reference']",154,nan,P,AP_DP_DELREQFULREQ_PRX,CL_SPAF_INB_PROXY_ADAPTER=====CM004,CL_SPAF_INB_PROXY_ADAPTER=====CP,APDL_IDP_VAL,003,2023-01-30,"['Manual', 'Retry']","['.', '5278', 'already', 'An', 'delivery', 'Enter', 'exists', 'inbound', 'new', 'notifi', 'notification', 'reference']",AP-XPS-DLP,APDL_IDP_VAL,I_APDL_OUTB_DEL_PROC_FULF_IN,[],ReturnToSupplier,RequestReturnDeliveryToSupplier,http://sap.com/xi/AP/Purchasing/Global,ReturnToSupplierFulfilmentOut,MaintainOutboundDeliveryRequest,http://sap.com/xi/AP/LogisticsExecution/Global,OutboundDeliveryProcessingFulfilmentIn
47,SCM_FALCON047_2023,"['50', 'cantidad', 'de', 'entrega', 'es', 'igual', 'números', 'p.44378', 'posición', 'Recuento', 'serie']",154,nan,P,AP_OUTBOUND_DELIVERY_PC_PRX,CL_SPAF_INB_PROXY_ADAPTER=====CM004,CL_SPAF_INB_PROXY_ADAPTER=====CP,APDL_VAL,242,2023-04-04,"['Manual', 'Retry']","['50', 'cantidad', 'de', 'entrega', 'es', 'igual', 'números', 'p.44378', 'posición', 'Recuento', 'serie']",AP-ODP,APDL_VAL,I_APDL_OUTB_DL_PRC_FLF_NTF_IN,[],CustomerInvoiceProcessing,NotifyOfFulfillmentOfOutboundDelivery,http://sap.com/xi/AP/CustomerInvoicing/Global,CustomerInvoiceProcessingFulfillmentNotificationOut,MaintainOutboundDelivery,http://sap.com/xi/AP/LogisticsExecution/Global,OutboundDeliveryProcessingFulfilmentNotificationIn
48,SCM_FALCON999,nan,nan,nan,nan,nan,nan,nan,nan,nan,nan,nan,nan,nan,nan,nan,nan,nan,nan,nan,nan,nan,nan,nan
49,SCM_FALCON998,nan,nan,nan,nan,nan,nan,nan,nan,nan,nan,nan,nan,nan,nan,nan,nan,nan,nan,nan,nan,nan,nan,nan
50,SCM_FALCON001_2022,"['able', 'CM_AP_PROCESS_AGENT_TOOLS', 'CM_SPAF_AGENT_TASK_ROOT', 'create', 'Error', 'message', 'must', 'subclass', 'task']",150,nan,P,AP_DP_DELDESADVNOTIF_PRX,CL_SPAF_INB_PROXY_ADAPTER=====CM004,CL_SPAF_INB_PROXY_ADAPTER=====CP,AP_PAF_HELPER_TOOLS,000,2023-03-05,[],"['An', 'error', 'occurred', 'process', 'save']",AP-ODP,AP_PAF_HELPER_TOOLS,I_APDL_IDE_PROC_DEL_NOTI_IN,[],OutboundDeliveryProcessing,NotifyOfOutboundDelivery,http://sap.com/xi/AP/LogisticsExecution/Global,OutboundDeliveryProcessingDeliveryNotificationOut,MaintainInboundDelivery,http://sap.com/xi/AP/LogisticsExecution/Global,InboundDeliveryProcessingDeliveryNotificationIn
51,SCM_FALCON001_2022,"['able', 'CM_AP_PROCESS_AGENT_TOOLS', 'CM_SPAF_AGENT_TASK_ROOT', 'create', 'Error', 'message', 'must', 'subclass', 'task']",150,nan,P,AP_DP_DELDESADVNOTIF_PRX,CL_SPAF_INB_PROXY_ADAPTER=====CM004,CL_SPAF_INB_PROXY_ADAPTER=====CP,AP_PAF_HELPER_TOOLS,000,2023-02-26,[],"['An', 'error', 'occurred', 'process', 'save']",AP-ODP,AP_PAF_HELPER_TOOLS,I_APDL_IDE_PROC_DEL_NOTI_IN,[],OutboundDeliveryProcessing,NotifyOfOutboundDelivery,http://sap.com/xi/AP/LogisticsExecution/Global,OutboundDeliveryProcessingDeliveryNotificationOut,MaintainInboundDelivery,http://sap.com/xi/AP/LogisticsExecution/Global,InboundDeliveryProcessingDeliveryNotificationIn
52,SCM_FALCON002_2022,"['account', 'date', 'User', 'validity']",0,nan,nan,nan,nan,nan,SRT_HC,007,0000-00-00,[],"['Application', 'Commit', 'Error', 'execution', 'Work']",nan,SRT_HC,nan,[],LogisticsExecutionControl,RequestDeliveryFulfilment,http://sap.com/xi/AP/SupplyChainControl/Global,LogisticsExecutionControlFulfilmentOut,MaintainInboundDeliveryRequest,http://sap.com/xi/AP/LogisticsExecution/Global,InboundDeliveryProcessingFulfilmentIn
53,SCM_FALCON004_2022,"['able', 'CM_AP_PROCESS_AGENT_TOOLS', 'CM_SPAF_AGENT_TASK_ROOT', 'create', 'Error', 'message', 'must', 'subclass', 'task']",150,nan,P,AP_DP_DELDESADVNOTIF_PRX,CL_SPAF_INB_PROXY_ADAPTER=====CM004,CL_SPAF_INB_PROXY_ADAPTER=====CP,AP_PAF_HELPER_TOOLS,000,2023-03-28,[],"['An', 'error', 'occurred', 'process', 'save']",AP-ODP,AP_PAF_HELPER_TOOLS,I_APDL_IDE_PROC_DEL_NOTI_IN,[],nan,MaintainInboundDelivery,http://sap.com/xi/AP/LogisticsExecution/Global,InboundDeliveryProcessingDeliveryNotificationIn,MaintainInboundDelivery,http://sap.com/xi/AP/LogisticsExecution/Global,InboundDeliveryProcessingDeliveryNotificationIn
54,SCM_FALCON004_2022,"['able', 'CM_AP_PROCESS_AGENT_TOOLS', 'CM_SPAF_AGENT_TASK_ROOT', 'create', 'Error', 'message', 'must', 'subclass', 'task']",150,nan,P,AP_DP_DELDESADVNOTIF_PRX,CL_SPAF_INB_PROXY_ADAPTER=====CM004,CL_SPAF_INB_PROXY_ADAPTER=====CP,AP_PAF_HELPER_TOOLS,000,2023-04-10,[],"['An', 'error', 'occurred', 'process', 'save']",AP-ODP,AP_PAF_HELPER_TOOLS,I_APDL_IDE_PROC_DEL_NOTI_IN,[],nan,MaintainInboundDelivery,http://sap.com/xi/AP/LogisticsExecution/Global,InboundDeliveryProcessingDeliveryNotificationIn,MaintainInboundDelivery,http://sap.com/xi/AP/LogisticsExecution/Global,InboundDeliveryProcessingDeliveryNotificationIn
55,SCM_FALCON005_2022,"['able', 'CM_APDL_VALIDATION', 'CM_SPAF_AGENT_TASK_ROOT', 'create', 'Error', 'message', 'must', 'subclass', 'task']",0,nan,P,AP_DP_DELDESADVNOTIF_PRX,nan,SAPMSSY1,AP_ESI_COMMON,107,2023-03-31,[],"[';', 'Changing', 'data', 'possible', 'read-only']",AP-ODP,AP_ESI_COMMON,I_APDL_IDE_PROC_DEL_NOTI_IN,[],OutboundDeliveryProcessing,NotifyOfOutboundDelivery,http://sap.com/xi/AP/LogisticsExecution/Global,OutboundDeliveryProcessingDeliveryNotificationOut,MaintainInboundDelivery,http://sap.com/xi/AP/LogisticsExecution/Global,InboundDeliveryProcessingDeliveryNotificationIn
56,SCM_FALCON008_2022,['不允许将行添加到采购建议'],0,nan,nan,nan,nan,nan,SRT_HC,007,0000-00-00,[],"['Application', 'Commit', 'Error', 'execution', 'Work']",nan,SRT_HC,nan,[],PurchaseRequestProcessing,ConfirmPurchaseRequest,http://sap.com/xi/AP/Purchasing/Global,PurchaseRequestProcessingPurchasingOut,ChangePurchaseRequisitionBasedOnPurchaseRequest,http://sap.com/xi/AP/SupplyChainControl/Global,ExternalProcurementTriggerAndResponsePurchasingIn
57,SCM_FALCON009_2022,"['able', 'CM_EPTR_BOPF', 'CM_SPAF_AGENT_TASK_ROOT', 'create', 'Error', 'message', 'must', 'subclass', 'task']",150,nan,P,AP_EXT_PROC_TRIG_RESP_SVR_PRX,CL_SPAF_INB_PROXY_ADAPTER=====CM004,CL_SPAF_INB_PROXY_ADAPTER=====CP,EPTR_GENERAL,105,2023-02-21,[],"['00000000000000000000000000000002285', 'Customer', 'item', 'missing', 'purchase', 'reference', 'requisition']",AP-EPT,EPTR_GENERAL,I_EPTR_ORDERING_NOTIF_IN,[],PurchaseOrderProcessing,NotifyOfPurchaseOrder,http://sap.com/xi/AP/Purchasing/Global,PurchaseOrderProcessingOrderingNotificationOut,MaintainPlanningViewOfPurchaseOrder,http://sap.com/xi/AP/SupplyChainControl/Global,ExternalProcurementTriggerAndResponseOrderingNotificationIn
58,SCM_FALCON018_2022,"['31.08.2022', ';', 'Buchung', 'durch', 'gesperrt', 'möglich', 'nicht', 'Rechnungswesen', 'Rückmeldung']",154,nan,P,AP_OUTBOUND_DELIVERY_PC_PRX,CL_SPAF_INB_PROXY_ADAPTER=====CM004,CL_SPAF_INB_PROXY_ADAPTER=====CP,APLEX_DATETIME_MSG,001,2023-03-19,"['Manual', 'Retry']","['31.08.2022', ';', 'Buchung', 'durch', 'gesperrt', 'möglich', 'nicht', 'Rechnungswesen', 'Rückmeldung']",AP-ODP,APLEX_DATETIME_MSG,I_APDL_OUTB_DL_PRC_FLF_NTF_IN,[],CustomerInvoiceProcessing,NotifyOfFulfillmentOfOutboundDelivery,http://sap.com/xi/AP/CustomerInvoicing/Global,CustomerInvoiceProcessingFulfillmentNotificationOut,MaintainOutboundDelivery,http://sap.com/xi/AP/LogisticsExecution/Global,OutboundDeliveryProcessingFulfilmentNotificationIn
59,SCM_FALCON020_2022,"['.', 'locked', 'notify', 'person', 'Please', 'responsible', 'User']",154,nan,P,AP_DP_DELREQFULREQ_PRX,CL_SPAF_INB_PROXY_ADAPTER=====CM004,CL_SPAF_INB_PROXY_ADAPTER=====CP,APDL_MO_I,060,2023-01-18,"['Manual', 'Retry']","['120', 'exist', 'header', 'item', 'kit', 'No', 'sales']",AP-XPS-DLP,APDL_MO_I,I_APDL_OUTB_DEL_PROC_FULF_IN,[],LogisticsExecutionControl,RequestDeliveryFulfilment,http://sap.com/xi/AP/SupplyChainControl/Global,LogisticsExecutionControlFulfilmentOut,MaintainOutboundDeliveryRequest,http://sap.com/xi/AP/LogisticsExecution/Global,OutboundDeliveryProcessingFulfilmentIn
60,SCM_FALCON020_2022,"[',', '1-0.0SCA', '20', 'Belegzeile', 'für', 'inkonsistent', 'Menge', 'Paketprodukt', 'übergeordnete']",154,nan,P,AP_OUTBOUND_DELIVERY_PC_PRX,CL_SPAF_INB_PROXY_ADAPTER=====CM004,CL_SPAF_INB_PROXY_ADAPTER=====CP,APDL_VAL,190,2023-02-12,"['Manual', 'Retry']","[',', '1-0.0SCA', '20', 'Belegzeile', 'für', 'inkonsistent', 'Menge', 'Paketprodukt', 'übergeordnete']",AP-ODP,APDL_VAL,I_APDL_OUTB_DL_PRC_FLF_NTF_IN,[],CustomerInvoiceProcessing,NotifyOfFulfillmentOfOutboundDelivery,http://sap.com/xi/AP/CustomerInvoicing/Global,CustomerInvoiceProcessingFulfillmentNotificationOut,MaintainOutboundDelivery,http://sap.com/xi/AP/LogisticsExecution/Global,OutboundDeliveryProcessingFulfilmentNotificationIn
61,SCM_FALCON021_2022,"['50', 'item', 'lines', 'present', 'Schedule']",154,nan,P,AP_DP_DELREQFULREQ_PRX,CL_SPAF_INB_PROXY_ADAPTER=====CM004,CL_SPAF_INB_PROXY_ADAPTER=====CP,APDL_MO_I,055,2023-03-06,"['Manual', 'Retry']","['50', 'item', 'lines', 'present', 'Schedule']",AP-XPS-DLP,APDL_MO_I,I_APDL_OUTB_DEL_PROC_FULF_IN,[],LogisticsExecutionControl,RequestDeliveryFulfilment,http://sap.com/xi/AP/SupplyChainControl/Global,LogisticsExecutionControlFulfilmentOut,MaintainOutboundDeliveryRequest,http://sap.com/xi/AP/LogisticsExecution/Global,OutboundDeliveryProcessingFulfilmentIn
62,SCM_FALCON021_2022,"['account', 'date', 'User', 'validity']",0,nan,nan,nan,nan,nan,SRT_HC,007,0000-00-00,[],"['Application', 'Commit', 'Error', 'execution', 'Work']",nan,SRT_HC,nan,[],LogisticsExecutionControl,RequestDeliveryFulfilment,http://sap.com/xi/AP/SupplyChainControl/Global,LogisticsExecutionControlFulfilmentOut,MaintainOutboundDeliveryRequest,http://sap.com/xi/AP/LogisticsExecution/Global,OutboundDeliveryProcessingFulfilmentIn
63,SCM_FALCON023_2022,"['000001', '6476', 'Material', 'missing', 'output', 'production', 'requisition']",154,nan,P,AP_PRD_TRIGGER_RESPONSE_PRX,CL_SPAF_INB_PROXY_ADAPTER=====CM004,CL_SPAF_INB_PROXY_ADAPTER=====CP,APPTR_MAINTAIN_PRN,202,2023-03-22,"['Manual', 'Retry']","['000001', '6476', 'Material', 'missing', 'output', 'production', 'requisition']",AP-PTR,APPTR_MAINTAIN_PRN,I_APPTR_PRODUCING_IN_IB,[],Production,ConfirmProductionRequest,http://sap.com/xi/AP/LogisticsExecution/Global,ProductionProducingOut,ChangeProductionRequisitionBasedOnProductionRequestConfirmation,http://sap.com/xi/AP/SupplyChainControl/Global,ProductionTriggerAndResponseProducingIn
64,SCM_FALCON023_2022,"['22598', 'cycle', 'Error', 'life', 'production', 'requisition', 'status', 'updating']",154,nan,P,AP_PRD_TRIGGER_RESPONSE_PRX,CL_SPAF_INB_PROXY_ADAPTER=====CM004,CL_SPAF_INB_PROXY_ADAPTER=====CP,APPTR_MAINTAIN_PRN,231,2023-03-12,"['Manual', 'Retry']","['22598', 'cycle', 'Error', 'life', 'production', 'requisition', 'status', 'updating']",AP-PTR,APPTR_MAINTAIN_PRN,I_APPTR_PRODUCING_IN_IB,[],Production,ConfirmProductionRequest,http://sap.com/xi/AP/LogisticsExecution/Global,ProductionProducingOut,ChangeProductionRequisitionBasedOnProductionRequestConfirmation,http://sap.com/xi/AP/SupplyChainControl/Global,ProductionTriggerAndResponseProducingIn
65,SCM_FALCON027_2022,"['013', ';', 'error', 'incident', 'PVOI', 'report', 'Technical']",154,nan,P,AP_SDM_MAINTAIN_PVOI_PRX,CL_SPAF_INB_PROXY_ADAPTER=====CM004,CL_SPAF_INB_PROXY_ADAPTER=====CP,PVOI,013,2023-02-26,"['Manual', 'Retry']","['013', ';', 'error', 'incident', 'PVOI', 'report', 'Technical']",AP-SDM,PVOI,I_PVOI_RECON_NOTIFICATION,[],InventoryProcessing,NotifyPlanningOfInventoryReconciliation,http://sap.com/xi/AP/LogisticsExecution/Global,InventoryProcessingInventoryReconciliationOut,MaintainPlanningViewOfInventoryBasedOnInventoryReconciliation,http://sap.com/xi/AP/SupplyChainControl/Global,SupplyAndDemandMatchingInventoryReconciliationIn
66,SCM_FALCON029_2022,"['.', 'locked', 'notify', 'person', 'Please', 'responsible', 'User']",154,nan,P,AP_DP_DELREQFULREQ_PRX,CL_SPAF_INB_PROXY_ADAPTER=====CM004,CL_SPAF_INB_PROXY_ADAPTER=====CP,APDL_MO_TASK,004,2023-02-06,"['Manual', 'Retry']","['(', ')', '.', '54513', ';', 'APX-000287', 'Chandrashekar', 'locked', 'Maisaiah', 'Operation', 'order', 'possible', 'Pulluri', 'purchase']",AP-XPS-DLP,APDL_MO_TASK,I_APDL_INB_DEL_PROC_FULF_IN,[],LogisticsExecutionControl,RequestDeliveryFulfilment,http://sap.com/xi/AP/SupplyChainControl/Global,LogisticsExecutionControlFulfilmentOut,MaintainInboundDeliveryRequest,http://sap.com/xi/AP/LogisticsExecution/Global,InboundDeliveryProcessingFulfilmentIn
67,SCM_FALCON029_2022,"['account', 'date', 'User', 'validity']",0,nan,nan,nan,nan,nan,SRT_HC,007,0000-00-00,[],"['Application', 'Commit', 'Error', 'execution', 'Work']",nan,SRT_HC,nan,[],LogisticsExecutionControl,RequestDeliveryFulfilment,http://sap.com/xi/AP/SupplyChainControl/Global,LogisticsExecutionControlFulfilmentOut,MaintainInboundDeliveryRequest,http://sap.com/xi/AP/LogisticsExecution/Global,InboundDeliveryProcessingFulfilmentIn
68,SCM_FALCON029_2022,"['.', 'locked', 'notify', 'person', 'Please', 'responsible', 'User']",0,nan,nan,nan,nan,nan,SRT_HC,007,0000-00-00,[],"['Application', 'Commit', 'Error', 'execution', 'Work']",nan,SRT_HC,nan,[],LogisticsExecutionControl,RequestDeliveryFulfilment,http://sap.com/xi/AP/SupplyChainControl/Global,LogisticsExecutionControlFulfilmentOut,MaintainOutboundDeliveryRequest,http://sap.com/xi/AP/LogisticsExecution/Global,OutboundDeliveryProcessingFulfilmentIn
69,SCM_FALCON030_2022,"['Delivery', 'document', 'Inbound', 'item', 'Item', 'permitted', 'Reference', 'Return', 'type']",154,nan,P,AP_DP_DELREQFULREQ_PRX,CL_SPAF_INB_PROXY_ADAPTER=====CM004,CL_SPAF_INB_PROXY_ADAPTER=====CP,LSC_VAL,051,2023-03-30,"['Manual', 'Retry']","['Delivery', 'document', 'Inbound', 'item', 'Item', 'permitted', 'Reference', 'Return', 'type']",AP-XPS-DLP,LSC_VAL,I_APDL_OUTB_DEL_PROC_FULF_IN,[],ReturnToSupplier,RequestReturnDeliveryToSupplier,http://sap.com/xi/AP/Purchasing/Global,ReturnToSupplierFulfilmentOut,MaintainOutboundDeliveryRequest,http://sap.com/xi/AP/LogisticsExecution/Global,OutboundDeliveryProcessingFulfilmentIn
70,SCM_FALCON030_2022,"['(', ')', 'bloqué', 'informez', 'le', 'responsable', 'Utilisateur']",154,nan,P,AP_DP_DELREQFULREQ_PRX,CL_SPAF_INB_PROXY_ADAPTER=====CM004,CL_SPAF_INB_PROXY_ADAPTER=====CP,LSC_VAL,051,2023-01-10,"['Manual', 'Retry']","['article', 'autorisé', 'avec', 'de', 'document', 'livraison', 'non', 'Poste', 'retour', 'Réception', 'référence', 'Type', 'type']",AP-XPS-DLP,LSC_VAL,I_APDL_OUTB_DEL_PROC_FULF_IN,[],ReturnToSupplier,RequestReturnDeliveryToSupplier,http://sap.com/xi/AP/Purchasing/Global,ReturnToSupplierFulfilmentOut,MaintainOutboundDeliveryRequest,http://sap.com/xi/AP/LogisticsExecution/Global,OutboundDeliveryProcessingFulfilmentIn
71,SCM_FALCON031_2023,"['(', ')', 'Benutzer', 'gesperrt', 'ist', 'Verantwortlichen', 'verständigen']",0,nan,nan,nan,nan,nan,SRT_HC,007,0000-00-00,[],"['Application', 'Commit', 'Error', 'execution', 'Work']",nan,SRT_HC,nan,[],OutboundDeliveryProcessing,NotifyOfOutboundDelivery,http://sap.com/xi/AP/LogisticsExecution/Global,OutboundDeliveryProcessingDeliveryNotificationOut,MaintainInboundDelivery,http://sap.com/xi/AP/LogisticsExecution/Global,InboundDeliveryProcessingDeliveryNotificationIn
72,SCM_FALCON032_2023,"[';', 'Changing', 'data', 'possible', 'read-only']",154,nan,P,AP_OUTBOUND_DELIVERY,CL_SPAF_INB_PROXY_ADAPTER=====CM004,CL_SPAF_INB_PROXY_ADAPTER=====CP,AP_ESI_COMMON,107,2023-03-19,"['Manual', 'Retry']","[';', 'Changing', 'data', 'possible', 'read-only']",AP-ODP-OD,AP_ESI_COMMON,I_APDL_CONSIGN_PRC_FLF_NTF_IN,[],SalesOrderProcessing,NotifyOfSalesOrderConsignmentIssue,http://sap.com/xi/AP/CRM/Global,ConsignmentIssueFulfilmentNotificationOut,MaintainConsignmentIssue,http://sap.com/xi/AP/LogisticsExecution/Global,ConsignmentIssueProcessingFulfilmentNotificationIn
73,SCM_FALCON033_2023,"['able', 'CM_LSC_VALIDATION', 'CM_SPAF_AGENT_TASK_ROOT', 'create', 'Error', 'message', 'must', 'subclass', 'task']",150,nan,P,AP_EXT_PROC_TRIG_RESP_SVR_PRX,CL_SPAF_INB_PROXY_ADAPTER=====CM004,CL_SPAF_INB_PROXY_ADAPTER=====CP,LSC_VAL,041,2023-03-23,[],"['measure', 'missing', 'Unit']",AP-EPT,LSC_VAL,I_EPTR_ORDERING_NOTIF_IN,[],PurchaseOrderProcessing,NotifyOfPurchaseOrder,http://sap.com/xi/AP/Purchasing/Global,PurchaseOrderProcessingOrderingNotificationOut,MaintainPlanningViewOfPurchaseOrder,http://sap.com/xi/AP/SupplyChainControl/Global,ExternalProcurementTriggerAndResponseOrderingNotificationIn
74,SCM_FALCON034_2023,"['counter', 'period', 'Reconciliation', 'valid', 'value']",154,nan,P,AP_DP_DELREQFULREQ_PRX,CL_SPAF_INB_PROXY_ADAPTER=====CM004,CL_SPAF_INB_PROXY_ADAPTER=====CP,APDL_MO_I,036,2023-03-20,"['Manual', 'Retry']","['counter', 'period', 'Reconciliation', 'valid', 'value']",AP-XPS-DLP,APDL_MO_I,I_APDL_OUTB_DEL_PROC_FULF_IN,[],CustomerReturnProcessing,Request,http://sap.com/xi/AP/CRM/Global,CustomerReturnProcessingFulfilmentOut,MaintainOutboundDeliveryRequest,http://sap.com/xi/AP/LogisticsExecution/Global,OutboundDeliveryProcessingFulfilmentIn
75,SCM_FALCON034_2023,"['013', ';', 'error', 'incident', 'PVOI', 'report', 'Technical']",154,nan,P,AP_SDM_MAINTAIN_PVOI_PRX,CL_SPAF_INB_PROXY_ADAPTER=====CM004,CL_SPAF_INB_PROXY_ADAPTER=====CP,PVOI,013,2023-03-21,"['Manual', 'Retry']","['013', ';', 'error', 'incident', 'PVOI', 'report', 'Technical']",AP-SDM,PVOI,I_PVOI_RECON_NOTIFICATION,[],InventoryProcessing,NotifyPlanningOfInventoryReconciliation,http://sap.com/xi/AP/LogisticsExecution/Global,InventoryProcessingInventoryReconciliationOut,MaintainPlanningViewOfInventoryBasedOnInventoryReconciliation,http://sap.com/xi/AP/SupplyChainControl/Global,SupplyAndDemandMatchingInventoryReconciliationIn
76,SCM_FALCON035_2023,"['NULL', '.', 'access', 'data', 'No', 'possible', 'reference', 'via']",0,nan,nan,nan,nan,nan,SRT_HC,007,0000-00-00,[],"['Application', 'Commit', 'Error', 'execution', 'Work']",nan,SRT_HC,nan,[],SalesOrderProcessing,NotifyOfSalesOrderConsignmentIssue,http://sap.com/xi/AP/CRM/Global,ConsignmentIssueFulfilmentNotificationOut,MaintainConsignmentIssue,http://sap.com/xi/AP/LogisticsExecution/Global,ConsignmentIssueProcessingFulfilmentNotificationIn
77,SCM_FALCON036_2023,"['(', ')', '920', 'Beverage', 'Carolina', 'exist', 'Party', 'role', 'valid']",0,nan,nan,nan,nan,nan,SRT_HC,007,0000-00-00,[],"['Application', 'Commit', 'Error', 'execution', 'Work']",nan,SRT_HC,nan,[],OutboundDeliveryProcessing,ConfirmFulfilment,http://sap.com/xi/AP/LogisticsExecution/Global,OutboundDeliveryProcessingFulfilmentOut,ChangeLogisticsExecutionRequisitionBasedOnDeliveryFulfilmentConfirmation,http://sap.com/xi/AP/SupplyChainControl/Global,LogisticsExecutionControlFulfilmentIn
78,SCM_FALCON037_2023,"['(', ')', 'bloqué', 'informez', 'le', 'responsable', 'Utilisateur']",0,nan,nan,nan,nan,nan,SRT_HC,007,0000-00-00,[],"['Application', 'Commit', 'Error', 'execution', 'Work']",nan,SRT_HC,nan,[],Production,ConfirmProductionRequest,http://sap.com/xi/AP/LogisticsExecution/Global,ProductionProducingOut,ChangeProductionRequisitionBasedOnProductionRequestConfirmation,http://sap.com/xi/AP/SupplyChainControl/Global,ProductionTriggerAndResponseProducingIn
79,SCM_FALCON038_2023,"[';', 'aprobación', 'Cambios', 'de', 'el', 'en', 'está', 'pedido', 'permitidos', 'status']",0,nan,nan,nan,nan,nan,SRT_HC,007,0000-00-00,[],"['Application', 'Commit', 'Error', 'execution', 'Work']",nan,SRT_HC,nan,[],OutboundDeliveryProcessing,NotifyOfOutboundDelivery,http://sap.com/xi/AP/LogisticsExecution/Global,OutboundDeliveryProcessingDeliveryNotificationOut,MaintainInboundDelivery,http://sap.com/xi/AP/LogisticsExecution/Global,InboundDeliveryProcessingDeliveryNotificationIn
80,SCM_FALCON040_2023,"['000004', '已删除输入', '的数量必须为零']",154,nan,P,AP_PRD_TRIGGER_RESPONSE_PRX,CL_SPAF_INB_PROXY_ADAPTER=====CM004,CL_SPAF_INB_PROXY_ADAPTER=====CP,APPRN_BO_CRP,071,2023-02-27,"['Manual', 'Retry']","['000004', '已删除输入', '的数量必须为零']",AP-PTR,APPRN_BO_CRP,I_APPTR_PRODUCING_IN_IB,[],Production,ConfirmProductionRequest,http://sap.com/xi/AP/LogisticsExecution/Global,ProductionProducingOut,ChangeProductionRequisitionBasedOnProductionRequestConfirmation,http://sap.com/xi/AP/SupplyChainControl/Global,ProductionTriggerAndResponseProducingIn
81,SCM_FALCON041_2023,"['confirmation', 'document', 'item', 'line', 'missing', 'Reference', 'schedule']",0,nan,nan,nan,nan,nan,SRT_HC,007,0000-00-00,[],"['Application', 'Commit', 'Error', 'execution', 'Work']",nan,SRT_HC,nan,[],LogisticsExecutionControl,RequestDeliveryFulfilment,http://sap.com/xi/AP/SupplyChainControl/Global,LogisticsExecutionControlFulfilmentOut,MaintainOutboundDeliveryRequest,http://sap.com/xi/AP/LogisticsExecution/Global,OutboundDeliveryProcessingFulfilmentIn
82,SCM_FALCON042_2023,"['085', ';', 'AP_SPRQ_T100_MSG', 'error', 'incident', 'report', 'Technical']",49,nan,P,AP_CUSTOMER_REQ_PROC_PRX,/LCAP/LREQ_ORDERU01,/LCAP/SAPLREQ_ORDER,SRT_CORE,131,2023-02-01,"['Manual', 'Retry']","['An', 'exception', 'occurred']",AP-CR,SRT_CORE,I_APCRP_CR_FULFILLMENT_IB,[],SalesOrderProcessing,RequestProductCustomerRequirementReservationAndFulfillment,http://sap.com/xi/AP/CRM/Global,SalesOrderProcessingFulfillmentOut,MaintainCustomerRequirement,http://sap.com/xi/AP/SupplyChainControl/Global,CustomerRequirementProcessingFulfillmentIn
83,SCM_FALCON043_2023,"['NULL', '.', 'access', 'data', 'No', 'possible', 'reference', 'via']",0,nan,nan,nan,nan,nan,SRT_HC,007,0000-00-00,[],"['Application', 'Commit', 'Error', 'execution', 'Work']",nan,SRT_HC,nan,[],CustomerInvoiceProcessing,NotifyOfFulfillmentOfOutboundDelivery,http://sap.com/xi/AP/CustomerInvoicing/Global,CustomerInvoiceProcessingFulfillmentNotificationOut,MaintainOutboundDelivery,http://sap.com/xi/AP/LogisticsExecution/Global,OutboundDeliveryProcessingFulfilmentNotificationIn
84,SCM_FALCON043_2023,[],nan,nan,nan,nan,nan,nan,nan,nan,nan,nan,nan,nan,nan,nan,nan,PurchaseRequestProcessing,ConfirmPurchaseRequest,http://sap.com/xi/AP/Purchasing/Global,PurchaseRequestProcessingPurchasingOut,ChangePurchaseRequisitionBasedOnPurchaseRequest,http://sap.com/xi/AP/SupplyChainControl/Global,ExternalProcurementTriggerAndResponsePurchasingIn
85,SCM_FALCON044_2023,nan,nan,nan,nan,nan,nan,nan,nan,nan,nan,nan,nan,nan,nan,nan,nan,nan,nan,nan,nan,nan,nan,nan
86,SCM_FALCON045_2023,"['account', 'date', 'User', 'validity']",0,nan,nan,nan,nan,nan,SRT_HC,007,0000-00-00,[],"['Application', 'Commit', 'Error', 'execution', 'Work']",nan,SRT_HC,nan,[],OutboundDeliveryProcessing,NotifyOfOutboundDelivery,http://sap.com/xi/AP/LogisticsExecution/Global,OutboundDeliveryProcessingDeliveryNotificationOut,MaintainInboundDelivery,http://sap.com/xi/AP/LogisticsExecution/Global,InboundDeliveryProcessingDeliveryNotificationIn
87,SCM_FALCON046_2023,"['.', '5278', 'already', 'An', 'delivery', 'Enter', 'exists', 'inbound', 'new', 'notifi', 'notification', 'reference']",154,nan,P,AP_DP_DELREQFULREQ_PRX,CL_SPAF_INB_PROXY_ADAPTER=====CM004,CL_SPAF_INB_PROXY_ADAPTER=====CP,APDL_IDP_VAL,003,2023-01-30,"['Manual', 'Retry']","['.', '5278', 'already', 'An', 'delivery', 'Enter', 'exists', 'inbound', 'new', 'notifi', 'notification', 'reference']",AP-XPS-DLP,APDL_IDP_VAL,I_APDL_OUTB_DEL_PROC_FULF_IN,[],ReturnToSupplier,RequestReturnDeliveryToSupplier,http://sap.com/xi/AP/Purchasing/Global,ReturnToSupplierFulfilmentOut,MaintainOutboundDeliveryRequest,http://sap.com/xi/AP/LogisticsExecution/Global,OutboundDeliveryProcessingFulfilmentIn
88,SCM_FALCON047_2023,nan,nan,nan,nan,nan,nan,nan,nan,nan,nan,nan,nan,nan,nan,nan,nan,nan,nan,nan,nan,nan,nan,nan
89,SCM_FALCON998,nan,nan,nan,nan,nan,nan,nan,nan,nan,nan,nan,nan,nan,nan,nan,nan,nan,nan,nan,nan,nan,nan,nan
90,SCM_FALCON998,nan,nan,nan,nan,nan,nan,nan,nan,nan,nan,nan,nan,nan,nan,nan,nan,nan,nan,nan,nan,nan,nan,nan
91,SCM_FALCON998,nan,nan,nan,nan,nan,nan,nan,nan,nan,nan,nan,nan,nan,nan,nan,nan,nan,nan,nan,nan,nan,nan,nan
92,SCM_FALCON998,nan,nan,nan,nan,nan,nan,nan,nan,nan,nan,nan,nan,nan,nan,nan,nan,nan,nan,nan,nan,nan,nan,nan
93,SCM_FALCON998,nan,nan,nan,nan,nan,nan,nan,nan,nan,nan,nan,nan,nan,nan,nan,nan,nan,nan,nan,nan,nan,nan,nan
94,SCM_FALCON998,nan,nan,nan,nan,nan,nan,nan,nan,nan,nan,nan,nan,nan,nan,nan,nan,nan,nan,nan,nan,nan,nan,nan
95,SCM_FALCON998,nan,nan,nan,nan,nan,nan,nan,nan,nan,nan,nan,nan,nan,nan,nan,nan,nan,nan,nan,nan,nan,nan,nan
96,SCM_FALCON998,"[';', 'business', 'document', 'locked', 'Operation', 'possible']",154,nan,P,AP_OUTBOUND_DELIVERY_PC_PRX,CL_SPAF_INB_PROXY_ADAPTER=====CM004,CL_SPAF_INB_PROXY_ADAPTER=====CP,AP_PAF_TOOLS_BTM,000,2022-08-09,"['Manual', 'Retry']","[';', 'business', 'document', 'locked', 'Operation', 'possible']",AP-ODP,AP_PAF_TOOLS_BTM,I_APDL_OUTB_DL_PRC_FLF_NTF_IN,[],CustomerInvoiceProcessing,NotifyOfFulfillmentOfOutboundDelivery,http://sap.com/xi/AP/CustomerInvoicing/Global,CustomerInvoiceProcessingFulfillmentNotificationOut,MaintainOutboundDelivery,http://sap.com/xi/AP/LogisticsExecution/Global,OutboundDeliveryProcessingFulfilmentNotificationIn
97,SCM_FALCON999,"['.', 'Application', 'details', 'dump', 'Info', 'Please', 'section', 'see']",0,nan,P,AP_EXT_PROC_TRIG_RESP_SVR_PRX,nan,SAPMSSY1,/BOPF/FRW,032,2023-04-05,[],"['.', ':', 'App', 'Error', 'EXTERNAL_REQUEST_ITEM', 'Failed', 'handled', 'modification']",AP-EPT,/BOPF/FRW,I_EPTR_PURCHASING_IN,[],PurchaseRequestProcessing,ConfirmPurchaseRequest,http://sap.com/xi/AP/Purchasing/Global,PurchaseRequestProcessingPurchasingOut,ChangePurchaseRequisitionBasedOnPurchaseRequest,http://sap.com/xi/AP/SupplyChainControl/Global,ExternalProcurementTriggerAndResponsePurchasingIn
98,SCM_FALCON999,"['.', 'Application', 'details', 'dump', 'Info', 'Please', 'section', 'see']",864,nan,P,AP_DELIVERY_BOPF_CONTENT_CMN,CL_APDL_A_REQ_DLV_EXEC_IN_BG==CM001,CL_APDL_A_REQ_DLV_EXEC_IN_BG==CP,SRT_CORE,131,2023-04-04,[],"[',', '\\CLASS=CM_APINV_MESSAGE_LIMA', '\\CLASS=CM_ESI_T100', 'assignment', 'compatible', 'purposes', 'Source', 'target', 'type']",AP-XPS-DLP,SRT_CORE,I_APDL_OUTB_DEL_PROC_FULF_IN,[],LogisticsExecutionControl,RequestDeliveryFulfilment,http://sap.com/xi/AP/SupplyChainControl/Global,LogisticsExecutionControlFulfilmentOut,MaintainOutboundDeliveryRequest,http://sap.com/xi/AP/LogisticsExecution/Global,OutboundDeliveryProcessingFulfilmentIn
99,SCM_FALCON999,"['.', 'Application', 'details', 'dump', 'Info', 'Please', 'section', 'see']",219,nan,P,AP_SDM_INBOUND,CL_SDM_INBOUND================CM00C,CL_SDM_INBOUND================CP,SRT_CORE,131,2023-03-30,[],"['10804032254745168.00000000000000', 'converting', 'Overflow']",AP-SDM,SRT_CORE,I_APLC_LOG_EXEC_CTR_FULF_IN,[],InboundDeliveryProcessing,NotifyPlanningOfDeliveryRequestConfirmationReconciliation,http://sap.com/xi/AP/LogisticsExecution/Global,InboundDeliveryProcessingFulfilmentOut,ChangeBasedOnDeliveryFulfilmentConfirmationReconciliationNotification,http://sap.com/xi/AP/SupplyChainControl/Global,LogisticsExecutionControlFulfilmentIn
100,SCM_FALCON999,"['.', 'Application', 'details', 'dump', 'Info', 'Please', 'section', 'see']",31,nan,M,AP_RC_PROCESS_AGENT_TOOLS,MAP_BO_INFO,CL_AP_PROCESS_AGENT_BO_INFO,SRT_CORE,131,2023-04-02,[],"['.', 'Application', 'details', 'dump', 'Info', 'Please', 'section', 'see']",AP-RC-GEN-PAT,SRT_CORE,I_APLC_LOG_EXEC_CTR_FULF_IN,[],InboundDeliveryProcessing,NotifyPlanningOfDeliveryRequestConfirmationReconciliation,http://sap.com/xi/AP/LogisticsExecution/Global,InboundDeliveryProcessingFulfilmentOut,ChangeBasedOnDeliveryFulfilmentConfirmationReconciliationNotification,http://sap.com/xi/AP/SupplyChainControl/Global,LogisticsExecutionControlFulfilmentIn
101,SCM_FALCON999,"['.', 'Application', 'details', 'dump', 'Info', 'Please', 'section', 'see']",31,nan,M,AP_RC_PROCESS_AGENT_TOOLS,MAP_BO_INFO,CL_AP_PROCESS_AGENT_BO_INFO,SRT_CORE,131,2023-03-30,[],"['.', 'Application', 'details', 'dump', 'Info', 'Please', 'section', 'see']",AP-RC-GEN-PAT,SRT_CORE,I_APLC_LOG_EXEC_CTR_FULF_IN,[],InboundDeliveryProcessing,NotifyPlanningOfDeliveryRequestConfirmationReconciliation,http://sap.com/xi/AP/LogisticsExecution/Global,InboundDeliveryProcessingFulfilmentOut,ChangeBasedOnDeliveryFulfilmentConfirmationReconciliationNotification,http://sap.com/xi/AP/SupplyChainControl/Global,LogisticsExecutionControlFulfilmentIn
102,SCM_FALCON999,"['.', 'Application', 'details', 'dump', 'Info', 'Please', 'section', 'see']",31,nan,M,AP_RC_PROCESS_AGENT_TOOLS,MAP_BO_INFO,CL_AP_PROCESS_AGENT_BO_INFO,SRT_CORE,131,2023-03-19,[],"['.', 'Application', 'details', 'dump', 'Info', 'Please', 'section', 'see']",AP-RC-GEN-PAT,SRT_CORE,I_APLC_LOG_EXEC_CTR_FULF_IN,[],InboundDeliveryProcessing,NotifyPlanningOfDeliveryRequestConfirmationReconciliation,http://sap.com/xi/AP/LogisticsExecution/Global,InboundDeliveryProcessingFulfilmentOut,ChangeBasedOnDeliveryFulfilmentConfirmationReconciliationNotification,http://sap.com/xi/AP/SupplyChainControl/Global,LogisticsExecutionControlFulfilmentIn
103,SCM_FALCON999,"['.', 'Application', 'details', 'dump', 'Info', 'Please', 'section', 'see']",0,nan,P,AP_EXT_PROC_TRIG_RESP_SVR_PRX,nan,SAPMSSY1,/BOPF/FRW,032,2023-03-20,[],"['.', ':', 'App', 'Error', 'EXTERNAL_REQUEST_ITEM', 'Failed', 'handled', 'modification']",AP-EPT,/BOPF/FRW,I_EPTR_PURCHASING_IN,[],PurchaseRequestProcessing,ConfirmPurchaseRequest,http://sap.com/xi/AP/Purchasing/Global,PurchaseRequestProcessingPurchasingOut,ChangePurchaseRequisitionBasedOnPurchaseRequest,http://sap.com/xi/AP/SupplyChainControl/Global,ExternalProcurementTriggerAndResponsePurchasingIn
104,SCM_FALCON999,"['.', 'Application', 'details', 'dump', 'Info', 'Please', 'section', 'see']",0,nan,P,AP_EXT_PROC_TRIG_RESP_SVR_PRX,nan,SAPMSSY1,/BOPF/FRW,032,2023-03-19,[],"['.', ':', 'App', 'Error', 'EXTERNAL_REQUEST_ITEM', 'Failed', 'handled', 'modification']",AP-EPT,/BOPF/FRW,I_EPTR_PURCHASING_IN,[],PurchaseRequestProcessing,ConfirmPurchaseRequest,http://sap.com/xi/AP/Purchasing/Global,PurchaseRequestProcessingPurchasingOut,ChangePurchaseRequisitionBasedOnPurchaseRequest,http://sap.com/xi/AP/SupplyChainControl/Global,ExternalProcurementTriggerAndResponsePurchasingIn
105,SCM_FALCON999,nan,nan,nan,nan,nan,nan,nan,nan,nan,nan,nan,nan,nan,nan,nan,nan,nan,nan,nan,nan,nan,nan,nan
106,SCM_FALCON999,"['.', 'Application', 'details', 'dump', 'Info', 'Please', 'section', 'see']",0,nan,P,AP_EXT_PROC_TRIG_RESP_SVR_PRX,nan,SAPMSSY1,/BOPF/FRW,032,2023-03-14,[],"['.', ':', 'App', 'Error', 'EXTERNAL_REQUEST_ITEM', 'Failed', 'handled', 'modification']",AP-EPT,/BOPF/FRW,I_EPTR_PURCHASING_IN,[],PurchaseRequestProcessing,ConfirmPurchaseRequest,http://sap.com/xi/AP/Purchasing/Global,PurchaseRequestProcessingPurchasingOut,ChangePurchaseRequisitionBasedOnPurchaseRequest,http://sap.com/xi/AP/SupplyChainControl/Global,ExternalProcurementTriggerAndResponsePurchasingIn
107,SCM_FALCON999,"['.', 'Application', 'details', 'dump', 'Info', 'Please', 'section', 'see']",0,nan,P,AP_EXT_PROC_TRIG_RESP_SVR_PRX,nan,SAPMSSY1,/BOPF/FRW,032,2023-03-14,[],"['.', ':', 'App', 'Error', 'EXTERNAL_REQUEST_ITEM', 'Failed', 'handled', 'modification']",AP-EPT,/BOPF/FRW,I_EPTR_PURCHASING_IN,[],PurchaseRequestProcessing,ConfirmPurchaseRequest,http://sap.com/xi/AP/Purchasing/Global,PurchaseRequestProcessingPurchasingOut,ChangePurchaseRequisitionBasedOnPurchaseRequest,http://sap.com/xi/AP/SupplyChainControl/Global,ExternalProcurementTriggerAndResponsePurchasingIn
108,SCM_FALCON999,"['.', 'Application', 'details', 'dump', 'Info', 'Please', 'section', 'see']",0,nan,P,AP_EXT_PROC_TRIG_RESP_SVR_PRX,nan,SAPMSSY1,/BOPF/FRW,032,2023-03-14,[],"['.', ':', 'App', 'Error', 'EXTERNAL_REQUEST_ITEM', 'Failed', 'handled', 'modification']",AP-EPT,/BOPF/FRW,I_EPTR_PURCHASING_IN,[],PurchaseRequestProcessing,ConfirmPurchaseRequest,http://sap.com/xi/AP/Purchasing/Global,PurchaseRequestProcessingPurchasingOut,ChangePurchaseRequisitionBasedOnPurchaseRequest,http://sap.com/xi/AP/SupplyChainControl/Global,ExternalProcurementTriggerAndResponsePurchasingIn
109,SCM_FALCON999,"['.', 'Application', 'details', 'dump', 'Info', 'Please', 'section', 'see']",2086,nan,P,AP_PRODUCTION_PRX,IAPPEO_RT_IMP30,SAPLAPPEO_RT_CP_SYSTEM,APPEO_RT,000,2023-03-13,[],"['environment', 'error', 'Internal', 'order', 'production', 'runtime']",AP-PE,APPEO_RT,I_APPE_PRODUCING_IN_IB,[],ProductionTriggerAndResponse,RequestProduction,http://sap.com/xi/AP/SupplyChainControl/Global,ProductionTriggerAndResponseProducingOut,MaintainProductionRequest,http://sap.com/xi/AP/LogisticsExecution/Global,ProductionProducingIn
110,SCM_FALCON999,"['.', 'Application', 'details', 'dump', 'Info', 'Please', 'section', 'see']",2086,nan,P,AP_PRODUCTION_PRX,IAPPEO_RT_IMP30,SAPLAPPEO_RT_CP_SYSTEM,APPEO_RT,000,2023-03-12,[],"['environment', 'error', 'Internal', 'order', 'production', 'runtime']",AP-PE,APPEO_RT,I_APPE_PRODUCING_IN_IB,[],ProductionTriggerAndResponse,RequestProduction,http://sap.com/xi/AP/SupplyChainControl/Global,ProductionTriggerAndResponseProducingOut,MaintainProductionRequest,http://sap.com/xi/AP/LogisticsExecution/Global,ProductionProducingIn
111,SCM_FALCON999,"['.', 'Application', 'details', 'dump', 'Info', 'Please', 'section', 'see']",2086,nan,P,AP_PRODUCTION_PRX,IAPPEO_RT_IMP30,SAPLAPPEO_RT_CP_SYSTEM,APPEO_RT,000,2023-03-12,[],"['environment', 'error', 'Internal', 'order', 'production', 'runtime']",AP-PE,APPEO_RT,I_APPE_PRODUCING_IN_IB,[],ProductionTriggerAndResponse,RequestProduction,http://sap.com/xi/AP/SupplyChainControl/Global,ProductionTriggerAndResponseProducingOut,MaintainProductionRequest,http://sap.com/xi/AP/LogisticsExecution/Global,ProductionProducingIn
112,SCM_FALCON999,"['.', 'Application', 'details', 'dump', 'Info', 'Please', 'section', 'see']",0,nan,P,AP_EXT_PROC_TRIG_RESP_SVR_PRX,nan,SAPMSSY1,/BOPF/FRW,032,2023-03-08,[],"['.', ':', 'App', 'Error', 'EXTERNAL_REQUEST_ITEM', 'Failed', 'handled', 'modification']",AP-EPT,/BOPF/FRW,I_EPTR_PURCHASING_IN,[],PurchaseRequestProcessing,ConfirmPurchaseRequest,http://sap.com/xi/AP/Purchasing/Global,PurchaseRequestProcessingPurchasingOut,ChangePurchaseRequisitionBasedOnPurchaseRequest,http://sap.com/xi/AP/SupplyChainControl/Global,ExternalProcurementTriggerAndResponsePurchasingIn
113,SCM_FALCON999,nan,nan,nan,nan,nan,nan,nan,nan,nan,nan,nan,nan,nan,nan,nan,nan,nan,nan,nan,nan,nan,nan,nan
114,SCM_FALCON001_2022,"['able', 'CM_AP_PROCESS_AGENT_TOOLS', 'CM_SPAF_AGENT_TASK_ROOT', 'create', 'Error', 'message', 'must', 'subclass', 'task']",150,nan,P,AP_DP_DELDESADVNOTIF_PRX,CL_SPAF_INB_PROXY_ADAPTER=====CM004,CL_SPAF_INB_PROXY_ADAPTER=====CP,AP_PAF_HELPER_TOOLS,000,2023-03-05,[],"['An', 'error', 'occurred', 'process', 'save']",AP-ODP,AP_PAF_HELPER_TOOLS,I_APDL_IDE_PROC_DEL_NOTI_IN,[],OutboundDeliveryProcessing,NotifyOfOutboundDelivery,http://sap.com/xi/AP/LogisticsExecution/Global,OutboundDeliveryProcessingDeliveryNotificationOut,MaintainInboundDelivery,http://sap.com/xi/AP/LogisticsExecution/Global,InboundDeliveryProcessingDeliveryNotificationIn
115,SCM_FALCON002_2022,"['account', 'date', 'User', 'validity']",0,nan,nan,nan,nan,nan,SRT_HC,007,0000-00-00,[],"['Application', 'Commit', 'Error', 'execution', 'Work']",nan,SRT_HC,nan,[],LogisticsExecutionControl,RequestDeliveryFulfilment,http://sap.com/xi/AP/SupplyChainControl/Global,LogisticsExecutionControlFulfilmentOut,MaintainInboundDeliveryRequest,http://sap.com/xi/AP/LogisticsExecution/Global,InboundDeliveryProcessingFulfilmentIn
116,SCM_FALCON003_2022,"['-', '.', '>', 'al', 'bloqueado', 'Informar', 'responsable', 'Usuario']",0,nan,nan,nan,nan,nan,SRT_HC,007,0000-00-00,[],"['Application', 'Commit', 'Error', 'execution', 'Work']",nan,SRT_HC,nan,[],OutboundDeliveryProcessing,NotifyOfOutboundDelivery,http://sap.com/xi/AP/LogisticsExecution/Global,OutboundDeliveryProcessingDeliveryNotificationOut,MaintainInboundDelivery,http://sap.com/xi/AP/LogisticsExecution/Global,InboundDeliveryProcessingDeliveryNotificationIn
117,SCM_FALCON004_2022,"['able', 'CM_AP_PROCESS_AGENT_TOOLS', 'CM_SPAF_AGENT_TASK_ROOT', 'create', 'Error', 'message', 'must', 'subclass', 'task']",150,nan,P,AP_DP_DELDESADVNOTIF_PRX,CL_SPAF_INB_PROXY_ADAPTER=====CM004,CL_SPAF_INB_PROXY_ADAPTER=====CP,AP_PAF_HELPER_TOOLS,000,2023-03-28,[],"['An', 'error', 'occurred', 'process', 'save']",AP-ODP,AP_PAF_HELPER_TOOLS,I_APDL_IDE_PROC_DEL_NOTI_IN,[],nan,MaintainInboundDelivery,http://sap.com/xi/AP/LogisticsExecution/Global,InboundDeliveryProcessingDeliveryNotificationIn,MaintainInboundDelivery,http://sap.com/xi/AP/LogisticsExecution/Global,InboundDeliveryProcessingDeliveryNotificationIn
118,SCM_FALCON005_2022,"['able', 'CM_APDL_VALIDATION', 'CM_SPAF_AGENT_TASK_ROOT', 'create', 'Error', 'message', 'must', 'subclass', 'task']",0,nan,P,AP_DP_DELDESADVNOTIF_PRX,nan,SAPMSSY1,AP_ESI_COMMON,107,2023-03-31,[],"[';', 'Changing', 'data', 'possible', 'read-only']",AP-ODP,AP_ESI_COMMON,I_APDL_IDE_PROC_DEL_NOTI_IN,[],OutboundDeliveryProcessing,NotifyOfOutboundDelivery,http://sap.com/xi/AP/LogisticsExecution/Global,OutboundDeliveryProcessingDeliveryNotificationOut,MaintainInboundDelivery,http://sap.com/xi/AP/LogisticsExecution/Global,InboundDeliveryProcessingDeliveryNotificationIn
119,SCM_FALCON006_2022,"['able', 'CM_APDL_DDAN_MO', 'CM_SPAF_AGENT_TASK_ROOT', 'create', 'Error', 'message', 'must', 'subclass', 'task']",150,nan,P,AP_DP_DELDESADVNOTIF_PRX,CL_SPAF_INB_PROXY_ADAPTER=====CM004,CL_SPAF_INB_PROXY_ADAPTER=====CP,APDL_MO_I,036,2022-01-30,[],"['counter', 'period', 'Reconciliation', 'valid', 'value']",AP-ODP,APDL_MO_I,I_APDL_IDE_PROC_DEL_NOTI_IN,[],OutboundDeliveryProcessing,NotifyOfOutboundDelivery,http://sap.com/xi/AP/LogisticsExecution/Global,OutboundDeliveryProcessingDeliveryNotificationOut,MaintainInboundDelivery,http://sap.com/xi/AP/LogisticsExecution/Global,InboundDeliveryProcessingDeliveryNotificationIn
120,SCM_FALCON007_2022,nan,nan,nan,nan,nan,nan,nan,nan,nan,nan,nan,nan,nan,nan,nan,nan,nan,nan,nan,nan,nan,nan,nan
121,SCM_FALCON008_2022,['不允许将行添加到采购建议'],0,nan,nan,nan,nan,nan,SRT_HC,007,0000-00-00,[],"['Application', 'Commit', 'Error', 'execution', 'Work']",nan,SRT_HC,nan,[],PurchaseRequestProcessing,ConfirmPurchaseRequest,http://sap.com/xi/AP/Purchasing/Global,PurchaseRequestProcessingPurchasingOut,ChangePurchaseRequisitionBasedOnPurchaseRequest,http://sap.com/xi/AP/SupplyChainControl/Global,ExternalProcurementTriggerAndResponsePurchasingIn
122,SCM_FALCON009_2022,"['able', 'CM_EPTR_BOPF', 'CM_SPAF_AGENT_TASK_ROOT', 'create', 'Error', 'message', 'must', 'subclass', 'task']",150,nan,P,AP_EXT_PROC_TRIG_RESP_SVR_PRX,CL_SPAF_INB_PROXY_ADAPTER=====CM004,CL_SPAF_INB_PROXY_ADAPTER=====CP,EPTR_GENERAL,105,2023-02-21,[],"['00000000000000000000000000000002285', 'Customer', 'item', 'missing', 'purchase', 'reference', 'requisition']",AP-EPT,EPTR_GENERAL,I_EPTR_ORDERING_NOTIF_IN,[],PurchaseOrderProcessing,NotifyOfPurchaseOrder,http://sap.com/xi/AP/Purchasing/Global,PurchaseOrderProcessingOrderingNotificationOut,MaintainPlanningViewOfPurchaseOrder,http://sap.com/xi/AP/SupplyChainControl/Global,ExternalProcurementTriggerAndResponseOrderingNotificationIn
123,SCM_FALCON010_2022,"['able', 'CM_EPPO', 'CM_SPAF_AGENT_TASK_ROOT', 'create', 'Error', 'message', 'must', 'subclass', 'task']",0,nan,nan,nan,nan,nan,SRT_HC,007,0000-00-00,[],"['Application', 'Commit', 'Error', 'execution', 'Work']",nan,SRT_HC,nan,[],PurchaseOrderProcessing,NotifyOfPurchaseOrder,http://sap.com/xi/AP/Purchasing/Global,PurchaseOrderProcessingOrderingNotificationOut,MaintainPlanningViewOfPurchaseOrder,http://sap.com/xi/AP/SupplyChainControl/Global,ExternalProcurementTriggerAndResponseOrderingNotificationIn
124,SCM_FALCON011_2022,"['.', 'Application', 'details', 'dump', 'Info', 'Please', 'section', 'see']",nan,nan,nan,nan,nan,nan,SRT_HC,007,0000-00-00,[],"['Application', 'Commit', 'Error', 'execution', 'Work']",nan,SRT_HC,nan,[],PurchaseOrderProcessing,NotifyOfPurchaseOrder,http://sap.com/xi/AP/Purchasing/Global,PurchaseOrderProcessingOrderingNotificationOut,MaintainPlanningViewOfPurchaseOrder,http://sap.com/xi/AP/SupplyChainControl/Global,ExternalProcurementTriggerAndResponseOrderingNotificationIn
125,SCM_FALCON012_2022,"[',', '.', 'CM_EPTR_BOPF', 'CM_SPAF_AGENT_TASK_ROOT', 'erzeugen', 'Fehlermeldung', 'können', 'muss', 'sein', 'Subklasse', 'Task', 'um', 'von', 'zu']",150,nan,P,AP_EXT_PROC_TRIG_RESP_SVR_PRX,CL_SPAF_INB_PROXY_ADAPTER=====CM004,CL_SPAF_INB_PROXY_ADAPTER=====CP,EPTR_GENERAL,074,2022-06-06,[],"['(', ')', ',', '.', '00000000000000000000000000000064793', '0000000001', 'Beschaffungsplanungsauftrag', 'bestellten', 'fehlt', 'für', 'Pos', 'Referenz']",AP-EPT,EPTR_GENERAL,I_EPTR_ORDERING_NOTIF_IN,[],PurchaseOrderProcessing,NotifyOfPurchaseOrder,http://sap.com/xi/AP/Purchasing/Global,PurchaseOrderProcessingOrderingNotificationOut,MaintainPlanningViewOfPurchaseOrder,http://sap.com/xi/AP/SupplyChainControl/Global,ExternalProcurementTriggerAndResponseOrderingNotificationIn
126,SCM_FALCON013_2022,"[',', '.', 'CM_APLEX_CHECK_VALID_DATE_TIME', 'CM_SPAF_AGENT_TASK_ROOT', 'erzeugen', 'Fehlermeldung', 'können', 'muss', 'sein', 'Subklasse', 'Task', 'um', 'von', 'zu']",150,nan,P,AP_PRODUCTION_PRX,CL_SPAF_INB_PROXY_ADAPTER=====CM004,CL_SPAF_INB_PROXY_ADAPTER=====CP,APLEX_DATETIME_MSG,001,2022-08-28,[],"['.', '02/27/2022에', '것이', '수', '없습니다', '있습니다', '전기하는', '차단되어', '확정할', '회계에서']",AP-PE,APLEX_DATETIME_MSG,I_APPE_PRODUCING_IN_IB,[],ProductionTriggerAndResponse,RequestProduction,http://sap.com/xi/AP/SupplyChainControl/Global,ProductionTriggerAndResponseProducingOut,MaintainProductionRequest,http://sap.com/xi/AP/LogisticsExecution/Global,ProductionProducingIn
127,SCM_FALCON014_2022,"['.', 'already', 'delivery', 'exists', 'external', 'ID', 'item', 'The']",154,nan,P,AP_DP_OUTDELEXECCONF_PRX,CL_SPAF_INB_PROXY_ADAPTER=====CM004,CL_SPAF_INB_PROXY_ADAPTER=====CP,APDL_ODE_VAL,062,2021-12-19,"['Manual', 'Retry']","['.', 'already', 'delivery', 'exists', 'external', 'ID', 'item', 'The']",AP-XPS-DLP,APDL_ODE_VAL,I_APDL_OUTB_DEL_EXEC_IN,[],nan,nan,nan,nan,ProcessOutboundDeliveryExecutionConfirmation,http://sap.com/xi/AP/LogisticsExecution/Global,OutboundDeliveryExecutionIn
128,SCM_FALCON015_2022,"['(', ')', ',', '1', '2', '8', '965', ':', 'DeliveryQuant', 'exception', 'glob', 'InboundDeliveryExecution', 'InboundDeliveryExecutionConfirmation', 'Item', 'offset', 'XPath', 'XSLT']",24,nan,P,SXML_PARTS,/1SAI/SASEEBCC8AAE137D062EE45=XT,/1SAI/SASEEBCC8AAE137D062EE45=XT,SRT_CORE,143,2022-03-07,[],"['3', ':', '``', 'length', 'LENGTH', 'longer', 'maximum', 'permitted', 'Value']",BC-DWB-PRX,SRT_CORE,I_APDL_INB_DELIVERY_EXEC_IN,[],nan,nan,nan,nan,ProcessInboundDeliveryExecutionConfirmation,http://sap.com/xi/AP/LogisticsExecution/Global,InboundDeliveryExecutionIn
129,SCM_FALCON016_2022,"[',', '.', 'CM_APC_BDMSG_HEADER', 'CM_SPAF_AGENT_TASK_ROOT', 'erzeugen', 'Fehlermeldung', 'können', 'muss', 'sein', 'Subklasse', 'Task', 'um', 'von', 'zu']",150,nan,P,AP_DP_OUTDELEXECCONF_PRX,CL_SPAF_INB_PROXY_ADAPTER=====CM004,CL_SPAF_INB_PROXY_ADAPTER=====CP,AP_PAF_HELPER_TOOLS,020,2022-02-16,[],"['4101740000020', '9', 'Beteiligter', 'Unbekannter']",AP-XPS-DLP,AP_PAF_HELPER_TOOLS,I_APDL_OUTB_DEL_EXEC_IN,[],nan,nan,nan,nan,ProcessOutboundDeliveryExecutionConfirmation,http://sap.com/xi/AP/LogisticsExecution/Global,OutboundDeliveryExecutionIn
130,SCM_FALCON017_2022,"['.', 'Application', 'details', 'dump', 'Info', 'Please', 'section', 'see']",0,nan,nan,nan,nan,nan,SRT_HC,007,0000-00-00,[],"['Application', 'Commit', 'Error', 'execution', 'Work']",nan,SRT_HC,nan,[],ProductionTriggerAndResponse,RequestProduction,http://sap.com/xi/AP/SupplyChainControl/Global,ProductionTriggerAndResponseProducingOut,MaintainProductionRequest,http://sap.com/xi/AP/LogisticsExecution/Global,ProductionProducingIn
131,SCM_FALCON018_2022,"['31.08.2022', ';', 'Buchung', 'durch', 'gesperrt', 'möglich', 'nicht', 'Rechnungswesen', 'Rückmeldung']",154,nan,P,AP_OUTBOUND_DELIVERY_PC_PRX,CL_SPAF_INB_PROXY_ADAPTER=====CM004,CL_SPAF_INB_PROXY_ADAPTER=====CP,APLEX_DATETIME_MSG,001,2023-03-19,"['Manual', 'Retry']","['31.08.2022', ';', 'Buchung', 'durch', 'gesperrt', 'möglich', 'nicht', 'Rechnungswesen', 'Rückmeldung']",AP-ODP,APLEX_DATETIME_MSG,I_APDL_OUTB_DL_PRC_FLF_NTF_IN,[],CustomerInvoiceProcessing,NotifyOfFulfillmentOfOutboundDelivery,http://sap.com/xi/AP/CustomerInvoicing/Global,CustomerInvoiceProcessingFulfillmentNotificationOut,MaintainOutboundDelivery,http://sap.com/xi/AP/LogisticsExecution/Global,OutboundDeliveryProcessingFulfilmentNotificationIn
132,SCM_FALCON019_2022,nan,nan,nan,nan,nan,nan,nan,nan,nan,nan,nan,nan,nan,nan,nan,nan,nan,nan,nan,nan,nan,nan,nan
133,SCM_FALCON020_2022,nan,nan,nan,nan,nan,nan,nan,nan,nan,nan,nan,nan,nan,nan,nan,nan,nan,nan,nan,nan,nan,nan,nan
134,SCM_FALCON021_2022,"['50', 'item', 'lines', 'present', 'Schedule']",154,nan,P,AP_DP_DELREQFULREQ_PRX,CL_SPAF_INB_PROXY_ADAPTER=====CM004,CL_SPAF_INB_PROXY_ADAPTER=====CP,APDL_MO_I,055,2023-03-06,"['Manual', 'Retry']","['50', 'item', 'lines', 'present', 'Schedule']",AP-XPS-DLP,APDL_MO_I,I_APDL_OUTB_DEL_PROC_FULF_IN,[],LogisticsExecutionControl,RequestDeliveryFulfilment,http://sap.com/xi/AP/SupplyChainControl/Global,LogisticsExecutionControlFulfilmentOut,MaintainOutboundDeliveryRequest,http://sap.com/xi/AP/LogisticsExecution/Global,OutboundDeliveryProcessingFulfilmentIn
135,SCM_FALCON022_2022,nan,nan,nan,nan,nan,nan,nan,nan,nan,nan,nan,nan,nan,nan,nan,nan,nan,nan,nan,nan,nan,nan,nan
136,SCM_FALCON023_2022,"['000001', '6476', 'Material', 'missing', 'output', 'production', 'requisition']",154,nan,P,AP_PRD_TRIGGER_RESPONSE_PRX,CL_SPAF_INB_PROXY_ADAPTER=====CM004,CL_SPAF_INB_PROXY_ADAPTER=====CP,APPTR_MAINTAIN_PRN,202,2023-03-22,"['Manual', 'Retry']","['000001', '6476', 'Material', 'missing', 'output', 'production', 'requisition']",AP-PTR,APPTR_MAINTAIN_PRN,I_APPTR_PRODUCING_IN_IB,[],Production,ConfirmProductionRequest,http://sap.com/xi/AP/LogisticsExecution/Global,ProductionProducingOut,ChangeProductionRequisitionBasedOnProductionRequestConfirmation,http://sap.com/xi/AP/SupplyChainControl/Global,ProductionTriggerAndResponseProducingIn
137,SCM_FALCON024_2022,nan,nan,nan,nan,nan,nan,nan,nan,nan,nan,nan,nan,nan,nan,nan,nan,nan,nan,nan,nan,nan,nan,nan
138,SCM_FALCON025_2022,nan,nan,nan,nan,nan,nan,nan,nan,nan,nan,nan,nan,nan,nan,nan,nan,nan,nan,nan,nan,nan,nan,nan
139,SCM_FALCON026_2022,nan,nan,nan,nan,nan,nan,nan,nan,nan,nan,nan,nan,nan,nan,nan,nan,nan,nan,nan,nan,nan,nan,nan
140,SCM_FALCON027_2022,"['013', ';', 'error', 'incident', 'PVOI', 'report', 'Technical']",154,nan,P,AP_SDM_MAINTAIN_PVOI_PRX,CL_SPAF_INB_PROXY_ADAPTER=====CM004,CL_SPAF_INB_PROXY_ADAPTER=====CP,PVOI,013,2023-02-26,"['Manual', 'Retry']","['013', ';', 'error', 'incident', 'PVOI', 'report', 'Technical']",AP-SDM,PVOI,I_PVOI_RECON_NOTIFICATION,[],InventoryProcessing,NotifyPlanningOfInventoryReconciliation,http://sap.com/xi/AP/LogisticsExecution/Global,InventoryProcessingInventoryReconciliationOut,MaintainPlanningViewOfInventoryBasedOnInventoryReconciliation,http://sap.com/xi/AP/SupplyChainControl/Global,SupplyAndDemandMatchingInventoryReconciliationIn
141,SCM_FALCON028_2022,nan,nan,nan,nan,nan,nan,nan,nan,nan,nan,nan,nan,nan,nan,nan,nan,nan,nan,nan,nan,nan,nan,nan
142,SCM_FALCON029_2022,"['.', 'locked', 'notify', 'person', 'Please', 'responsible', 'User']",154,nan,P,AP_DP_DELREQFULREQ_PRX,CL_SPAF_INB_PROXY_ADAPTER=====CM004,CL_SPAF_INB_PROXY_ADAPTER=====CP,APDL_MO_TASK,004,2023-02-06,"['Manual', 'Retry']","['(', ')', '.', '54513', ';', 'APX-000287', 'Chandrashekar', 'locked', 'Maisaiah', 'Operation', 'order', 'possible', 'Pulluri', 'purchase']",AP-XPS-DLP,APDL_MO_TASK,I_APDL_INB_DEL_PROC_FULF_IN,[],LogisticsExecutionControl,RequestDeliveryFulfilment,http://sap.com/xi/AP/SupplyChainControl/Global,LogisticsExecutionControlFulfilmentOut,MaintainInboundDeliveryRequest,http://sap.com/xi/AP/LogisticsExecution/Global,InboundDeliveryProcessingFulfilmentIn
143,SCM_FALCON030_2022,"['(', ')', 'bloqué', 'informez', 'le', 'responsable', 'Utilisateur']",154,nan,P,AP_DP_DELREQFULREQ_PRX,CL_SPAF_INB_PROXY_ADAPTER=====CM004,CL_SPAF_INB_PROXY_ADAPTER=====CP,LSC_VAL,051,2023-01-10,"['Manual', 'Retry']","['article', 'autorisé', 'avec', 'de', 'document', 'livraison', 'non', 'Poste', 'retour', 'Réception', 'référence', 'Type', 'type']",AP-XPS-DLP,LSC_VAL,I_APDL_OUTB_DEL_PROC_FULF_IN,[],ReturnToSupplier,RequestReturnDeliveryToSupplier,http://sap.com/xi/AP/Purchasing/Global,ReturnToSupplierFulfilmentOut,MaintainOutboundDeliveryRequest,http://sap.com/xi/AP/LogisticsExecution/Global,OutboundDeliveryProcessingFulfilmentIn
144,SCM_FALCON031_2023,"['(', ')', 'Benutzer', 'gesperrt', 'ist', 'Verantwortlichen', 'verständigen']",0,nan,nan,nan,nan,nan,SRT_HC,007,0000-00-00,[],"['Application', 'Commit', 'Error', 'execution', 'Work']",nan,SRT_HC,nan,[],OutboundDeliveryProcessing,NotifyOfOutboundDelivery,http://sap.com/xi/AP/LogisticsExecution/Global,OutboundDeliveryProcessingDeliveryNotificationOut,MaintainInboundDelivery,http://sap.com/xi/AP/LogisticsExecution/Global,InboundDeliveryProcessingDeliveryNotificationIn
145,SCM_FALCON032_2023,"[';', 'Changing', 'data', 'possible', 'read-only']",154,nan,P,AP_OUTBOUND_DELIVERY,CL_SPAF_INB_PROXY_ADAPTER=====CM004,CL_SPAF_INB_PROXY_ADAPTER=====CP,AP_ESI_COMMON,107,2023-03-19,"['Manual', 'Retry']","[';', 'Changing', 'data', 'possible', 'read-only']",AP-ODP-OD,AP_ESI_COMMON,I_APDL_CONSIGN_PRC_FLF_NTF_IN,[],SalesOrderProcessing,NotifyOfSalesOrderConsignmentIssue,http://sap.com/xi/AP/CRM/Global,ConsignmentIssueFulfilmentNotificationOut,MaintainConsignmentIssue,http://sap.com/xi/AP/LogisticsExecution/Global,ConsignmentIssueProcessingFulfilmentNotificationIn
146,SCM_FALCON033_2023,"['able', 'CM_LSC_VALIDATION', 'CM_SPAF_AGENT_TASK_ROOT', 'create', 'Error', 'message', 'must', 'subclass', 'task']",150,nan,P,AP_EXT_PROC_TRIG_RESP_SVR_PRX,CL_SPAF_INB_PROXY_ADAPTER=====CM004,CL_SPAF_INB_PROXY_ADAPTER=====CP,LSC_VAL,041,2023-03-23,[],"['measure', 'missing', 'Unit']",AP-EPT,LSC_VAL,I_EPTR_ORDERING_NOTIF_IN,[],PurchaseOrderProcessing,NotifyOfPurchaseOrder,http://sap.com/xi/AP/Purchasing/Global,PurchaseOrderProcessingOrderingNotificationOut,MaintainPlanningViewOfPurchaseOrder,http://sap.com/xi/AP/SupplyChainControl/Global,ExternalProcurementTriggerAndResponseOrderingNotificationIn
147,SCM_FALCON034_2023,"['counter', 'period', 'Reconciliation', 'valid', 'value']",154,nan,P,AP_DP_DELREQFULREQ_PRX,CL_SPAF_INB_PROXY_ADAPTER=====CM004,CL_SPAF_INB_PROXY_ADAPTER=====CP,APDL_MO_I,036,2023-03-20,"['Manual', 'Retry']","['counter', 'period', 'Reconciliation', 'valid', 'value']",AP-XPS-DLP,APDL_MO_I,I_APDL_OUTB_DEL_PROC_FULF_IN,[],CustomerReturnProcessing,Request,http://sap.com/xi/AP/CRM/Global,CustomerReturnProcessingFulfilmentOut,MaintainOutboundDeliveryRequest,http://sap.com/xi/AP/LogisticsExecution/Global,OutboundDeliveryProcessingFulfilmentIn
148,SCM_FALCON035_2023,"['NULL', '.', 'access', 'data', 'No', 'possible', 'reference', 'via']",0,nan,nan,nan,nan,nan,SRT_HC,007,0000-00-00,[],"['Application', 'Commit', 'Error', 'execution', 'Work']",nan,SRT_HC,nan,[],SalesOrderProcessing,NotifyOfSalesOrderConsignmentIssue,http://sap.com/xi/AP/CRM/Global,ConsignmentIssueFulfilmentNotificationOut,MaintainConsignmentIssue,http://sap.com/xi/AP/LogisticsExecution/Global,ConsignmentIssueProcessingFulfilmentNotificationIn
149,SCM_FALCON036_2023,"['(', ')', '920', 'Beverage', 'Carolina', 'exist', 'Party', 'role', 'valid']",0,nan,nan,nan,nan,nan,SRT_HC,007,0000-00-00,[],"['Application', 'Commit', 'Error', 'execution', 'Work']",nan,SRT_HC,nan,[],OutboundDeliveryProcessing,ConfirmFulfilment,http://sap.com/xi/AP/LogisticsExecution/Global,OutboundDeliveryProcessingFulfilmentOut,ChangeLogisticsExecutionRequisitionBasedOnDeliveryFulfilmentConfirmation,http://sap.com/xi/AP/SupplyChainControl/Global,LogisticsExecutionControlFulfilmentIn
150,SCM_FALCON037_2023,"['(', ')', 'bloqué', 'informez', 'le', 'responsable', 'Utilisateur']",0,nan,nan,nan,nan,nan,SRT_HC,007,0000-00-00,[],"['Application', 'Commit', 'Error', 'execution', 'Work']",nan,SRT_HC,nan,[],Production,ConfirmProductionRequest,http://sap.com/xi/AP/LogisticsExecution/Global,ProductionProducingOut,ChangeProductionRequisitionBasedOnProductionRequestConfirmation,http://sap.com/xi/AP/SupplyChainControl/Global,ProductionTriggerAndResponseProducingIn
151,SCM_FALCON038_2023,"[';', 'aprobación', 'Cambios', 'de', 'el', 'en', 'está', 'pedido', 'permitidos', 'status']",0,nan,nan,nan,nan,nan,SRT_HC,007,0000-00-00,[],"['Application', 'Commit', 'Error', 'execution', 'Work']",nan,SRT_HC,nan,[],OutboundDeliveryProcessing,NotifyOfOutboundDelivery,http://sap.com/xi/AP/LogisticsExecution/Global,OutboundDeliveryProcessingDeliveryNotificationOut,MaintainInboundDelivery,http://sap.com/xi/AP/LogisticsExecution/Global,InboundDeliveryProcessingDeliveryNotificationIn
152,SCM_FALCON039_2023,"[ 'NULL', '.', 'access', 'data', 'No', 'possible', 'reference', 'via']",0,nan,nan,nan,nan,nan,SRT_HC,007,0000-00-00,[],"['Application', 'Commit', 'Error', 'execution', 'Work']",nan,SRT_HC,nan,[],CustomerInvoiceProcessing,NotifyOfFulfillmentOfOutboundDelivery,http://sap.com/xi/AP/CustomerInvoicing/Global,CustomerInvoiceProcessingFulfillmentNotificationOut,MaintainOutboundDelivery,http://sap.com/xi/AP/LogisticsExecution/Global,OutboundDeliveryProcessingFulfilmentNotificationIn
153,SCM_FALCON040_2023,"['000004', '已删除输入', '的数量必须为零']",154,nan,P,AP_PRD_TRIGGER_RESPONSE_PRX,CL_SPAF_INB_PROXY_ADAPTER=====CM004,CL_SPAF_INB_PROXY_ADAPTER=====CP,APPRN_BO_CRP,071,2023-02-27,"['Manual', 'Retry']","['000004', '已删除输入', '的数量必须为零']",AP-PTR,APPRN_BO_CRP,I_APPTR_PRODUCING_IN_IB,[],Production,ConfirmProductionRequest,http://sap.com/xi/AP/LogisticsExecution/Global,ProductionProducingOut,ChangeProductionRequisitionBasedOnProductionRequestConfirmation,http://sap.com/xi/AP/SupplyChainControl/Global,ProductionTriggerAndResponseProducingIn
154,SCM_FALCON041_2023,"['confirmation', 'document', 'item', 'line', 'missing', 'Reference', 'schedule']",0,nan,nan,nan,nan,nan,SRT_HC,007,0000-00-00,[],"['Application', 'Commit', 'Error', 'execution', 'Work']",nan,SRT_HC,nan,[],LogisticsExecutionControl,RequestDeliveryFulfilment,http://sap.com/xi/AP/SupplyChainControl/Global,LogisticsExecutionControlFulfilmentOut,MaintainOutboundDeliveryRequest,http://sap.com/xi/AP/LogisticsExecution/Global,OutboundDeliveryProcessingFulfilmentIn
155,SCM_FALCON042_2023,"['085', ';', 'AP_SPRQ_T100_MSG', 'error', 'incident', 'report', 'Technical']",49,nan,P,AP_CUSTOMER_REQ_PROC_PRX,/LCAP/LREQ_ORDERU01,/LCAP/SAPLREQ_ORDER,SRT_CORE,131,2023-02-01,"['Manual', 'Retry']","['An', 'exception', 'occurred']",AP-CR,SRT_CORE,I_APCRP_CR_FULFILLMENT_IB,[],SalesOrderProcessing,RequestProductCustomerRequirementReservationAndFulfillment,http://sap.com/xi/AP/CRM/Global,SalesOrderProcessingFulfillmentOut,MaintainCustomerRequirement,http://sap.com/xi/AP/SupplyChainControl/Global,CustomerRequirementProcessingFulfillmentIn
156,SCM_FALCON043_2023,[],nan,nan,nan,nan,nan,nan,nan,nan,nan,nan,nan,nan,nan,nan,nan,PurchaseRequestProcessing,ConfirmPurchaseRequest,http://sap.com/xi/AP/Purchasing/Global,PurchaseRequestProcessingPurchasingOut,ChangePurchaseRequisitionBasedOnPurchaseRequest,http://sap.com/xi/AP/SupplyChainControl/Global,ExternalProcurementTriggerAndResponsePurchasingIn
157,SCM_FALCON044_2023,"[',', '1-0.0SCA', '20', 'Belegzeile', 'für', 'inkonsistent', 'Menge', 'Paketprodukt', 'übergeordnete']",154,nan,P,AP_OUTBOUND_DELIVERY_PC_PRX,CL_SPAF_INB_PROXY_ADAPTER=====CM004,CL_SPAF_INB_PROXY_ADAPTER=====CP,APDL_VAL,190,2023-02-12,"['Manual', 'Retry']","[',', '1-0.0SCA', '20', 'Belegzeile', 'für', 'inkonsistent', 'Menge', 'Paketprodukt', 'übergeordnete']",AP-ODP,APDL_VAL,I_APDL_OUTB_DL_PRC_FLF_NTF_IN,[],CustomerInvoiceProcessing,NotifyOfFulfillmentOfOutboundDelivery,http://sap.com/xi/AP/CustomerInvoicing/Global,CustomerInvoiceProcessingFulfillmentNotificationOut,MaintainOutboundDelivery,http://sap.com/xi/AP/LogisticsExecution/Global,OutboundDeliveryProcessingFulfilmentNotificationIn
158,SCM_FALCON045_2023,"['account', 'date', 'User', 'validity']",0,nan,nan,nan,nan,nan,SRT_HC,007,0000-00-00,[],"['Application', 'Commit', 'Error', 'execution', 'Work']",nan,SRT_HC,nan,[],OutboundDeliveryProcessing,NotifyOfOutboundDelivery,http://sap.com/xi/AP/LogisticsExecution/Global,OutboundDeliveryProcessingDeliveryNotificationOut,MaintainInboundDelivery,http://sap.com/xi/AP/LogisticsExecution/Global,InboundDeliveryProcessingDeliveryNotificationIn
159,SCM_FALCON046_2023,"['.', '5278', 'already', 'An', 'delivery', 'Enter', 'exists', 'inbound', 'new', 'notifi', 'notification', 'reference']",154,nan,P,AP_DP_DELREQFULREQ_PRX,CL_SPAF_INB_PROXY_ADAPTER=====CM004,CL_SPAF_INB_PROXY_ADAPTER=====CP,APDL_IDP_VAL,003,2023-01-30,"['Manual', 'Retry']","['.', '5278', 'already', 'An', 'delivery', 'Enter', 'exists', 'inbound', 'new', 'notifi', 'notification', 'reference']",AP-XPS-DLP,APDL_IDP_VAL,I_APDL_OUTB_DEL_PROC_FULF_IN,[],ReturnToSupplier,RequestReturnDeliveryToSupplier,http://sap.com/xi/AP/Purchasing/Global,ReturnToSupplierFulfilmentOut,MaintainOutboundDeliveryRequest,http://sap.com/xi/AP/LogisticsExecution/Global,OutboundDeliveryProcessingFulfilmentIn
160,SCM_FALCON047_2023,"['50', 'cantidad', 'de', 'entrega', 'es', 'igual', 'números', 'p.44378', 'posición', 'Recuento', 'serie']",154,nan,P,AP_OUTBOUND_DELIVERY_PC_PRX,CL_SPAF_INB_PROXY_ADAPTER=====CM004,CL_SPAF_INB_PROXY_ADAPTER=====CP,APDL_VAL,242,2023-04-04,"['Manual', 'Retry']","['50', 'cantidad', 'de', 'entrega', 'es', 'igual', 'números', 'p.44378', 'posición', 'Recuento', 'serie']",AP-ODP,APDL_VAL,I_APDL_OUTB_DL_PRC_FLF_NTF_IN,[],CustomerInvoiceProcessing,NotifyOfFulfillmentOfOutboundDelivery,http://sap.com/xi/AP/CustomerInvoicing/Global,CustomerInvoiceProcessingFulfillmentNotificationOut,MaintainOutboundDelivery,http://sap.com/xi/AP/LogisticsExecution/Global,OutboundDeliveryProcessingFulfilmentNotificationIn
161,SCM_FALCON999,nan,nan,nan,nan,nan,nan,nan,nan,nan,nan,nan,nan,nan,nan,nan,nan,nan,nan,nan,nan,nan,nan,nan
162,SCM_FALCON998,nan,nan,nan,nan,nan,nan,nan,nan,nan,nan,nan,nan,nan,nan,nan,nan,nan,nan,nan,nan,nan,nan,nan
